file,class,method,constructor,line,cbo,cboModified,fanin,fanout,wmc,rfc,loc,returnsQty,variablesQty,parametersQty,methodsInvokedQty,methodsInvokedLocalQty,methodsInvokedIndirectLocalQty,loopQty,comparisonsQty,tryCatchQty,parenthesizedExpsQty,stringLiteralsQty,numbersQty,assignmentsQty,mathOperationsQty,maxNestedBlocksQty,anonymousClassesQty,innerClassesQty,lambdasQty,uniqueWordsQty,modifiers,logStatementsQty,hasJavaDoc,class_type,class_cbo,class_cboModified,class_fanin,class_fanout,class_wmc,class_dit,class_noc,class_rfc,class_lcom,class_lcom*,class_tcc,class_lcc,class_totalMethodsQty,class_staticMethodsQty,class_publicMethodsQty,class_privateMethodsQty,class_protectedMethodsQty,class_defaultMethodsQty,class_visibleMethodsQty,class_abstractMethodsQty,class_finalMethodsQty,class_synchronizedMethodsQty,class_totalFieldsQty,class_staticFieldsQty,class_publicFieldsQty,class_privateFieldsQty,class_protectedFieldsQty,class_defaultFieldsQty,class_finalFieldsQty,class_synchronizedFieldsQty,class_nosi,class_loc,class_returnQty,class_loopQty,class_comparisonsQty,class_tryCatchQty,class_parenthesizedExpsQty,class_stringLiteralsQty,class_numbersQty,class_assignmentsQty,class_mathOperationsQty,class_variablesQty,class_maxNestedBlocksQty,class_anonymousClassesQty,class_innerClassesQty,class_lambdasQty,class_uniqueWordsQty,class_modifiers,class_logStatementsQty
C:\Users\Gabriel\Documents\GitHub\Lab-de-Experimentacao-de-Software-2\work_one\iluwatar\java-design-patterns\hexagonal-architecture\src\main\java\com\iluwatar\hexagonal\database\LotteryTicketRepository.java,com.iluwatar.hexagonal.database.LotteryTicketRepository,deleteAll/0,False,44,0,2,2,0,1,0,1,0,0,0,0,0,0,0,0,0,0,0,0,0,0,0,0,0,0,5,0,0,True,interface,2,10,8,2,4,1,0,0,6,0.0,0.0,0.0,4,0,0,0,0,4,4,0,0,0,0,0,0,0,0,0,0,0,0,6,0,0,0,0,0,0,0,0,0,0,0,0,0,0,22,1,0
C:\Users\Gabriel\Documents\GitHub\Lab-de-Experimentacao-de-Software-2\work_one\iluwatar\java-design-patterns\hexagonal-architecture\src\main\java\com\iluwatar\hexagonal\database\LotteryTicketRepository.java,com.iluwatar.hexagonal.database.LotteryTicketRepository,findAll/0,False,41,2,1,1,0,1,0,1,0,0,0,0,0,0,0,0,0,0,0,0,0,0,0,0,0,0,5,0,0,True,interface,2,10,8,2,4,1,0,0,6,0.0,0.0,0.0,4,0,0,0,0,4,4,0,0,0,0,0,0,0,0,0,0,0,0,6,0,0,0,0,0,0,0,0,0,0,0,0,0,0,22,1,0
C:\Users\Gabriel\Documents\GitHub\Lab-de-Experimentacao-de-Software-2\work_one\iluwatar\java-design-patterns\hexagonal-architecture\src\main\java\com\iluwatar\hexagonal\database\LotteryTicketRepository.java,com.iluwatar.hexagonal.database.LotteryTicketRepository,findById/1[com.iluwatar.hexagonal.domain.LotteryTicketId],False,35,2,1,1,0,1,0,1,0,0,1,0,0,0,0,0,0,0,0,0,0,0,0,0,0,0,10,0,0,True,interface,2,10,8,2,4,1,0,0,6,0.0,0.0,0.0,4,0,0,0,0,4,4,0,0,0,0,0,0,0,0,0,0,0,0,6,0,0,0,0,0,0,0,0,0,0,0,0,0,0,22,1,0
C:\Users\Gabriel\Documents\GitHub\Lab-de-Experimentacao-de-Software-2\work_one\iluwatar\java-design-patterns\hexagonal-architecture\src\main\java\com\iluwatar\hexagonal\database\LotteryTicketRepository.java,com.iluwatar.hexagonal.database.LotteryTicketRepository,save/1[com.iluwatar.hexagonal.database.LotteryTicket],False,38,2,1,1,0,1,0,1,0,0,1,0,0,0,0,0,0,0,0,0,0,0,0,0,0,0,6,0,0,True,interface,2,10,8,2,4,1,0,0,6,0.0,0.0,0.0,4,0,0,0,0,4,4,0,0,0,0,0,0,0,0,0,0,0,0,6,0,0,0,0,0,0,0,0,0,0,0,0,0,0,22,1,0
C:\Users\Gabriel\Documents\GitHub\Lab-de-Experimentacao-de-Software-2\work_one\iluwatar\java-design-patterns\hexagonal-architecture\src\main\java\com\iluwatar\hexagonal\module\LotteryTestingModule.java,com.iluwatar.hexagonal.module.LotteryTestingModule,configure/0,False,38,6,0,0,0,1,2,5,0,0,0,2,0,0,0,0,0,0,0,0,0,0,0,0,0,0,2,4,0,False,class,7,9,2,7,1,2,0,2,0,0.0,,,1,0,0,0,1,0,1,0,0,0,0,0,0,0,0,0,0,0,0,7,0,0,0,0,0,0,0,0,0,0,0,0,0,0,9,1,0
C:\Users\Gabriel\Documents\GitHub\Lab-de-Experimentacao-de-Software-2\work_one\iluwatar\java-design-patterns\hexagonal-architecture\src\main\java\com\iluwatar\hexagonal\domain\LotteryNumbers.java,com.iluwatar.hexagonal.domain.LotteryNumbers,getNumbersAsString/0,False,94,0,1,1,0,1,2,3,1,0,0,2,0,0,0,0,0,0,0,0,0,0,0,0,0,0,10,1,0,True,class,4,17,13,4,8,1,0,9,1,0.71428573,0.0,0.0,7,2,4,3,0,0,4,0,0,0,4,3,3,1,0,0,4,0,1,43,4,1,0,0,0,0,3,7,0,6,1,0,1,0,54,1,0
C:\Users\Gabriel\Documents\GitHub\Lab-de-Experimentacao-de-Software-2\work_one\iluwatar\java-design-patterns\hexagonal-architecture\src\main\java\com\iluwatar\hexagonal\domain\LotteryNumbers.java,com.iluwatar.hexagonal.domain.LotteryNumbers,create/1[java.util.Set<java.lang.Integer>],False,76,1,9,8,1,1,0,3,1,0,1,0,0,0,0,0,0,0,0,0,0,0,0,0,0,0,10,9,0,True,class,4,17,13,4,8,1,0,9,1,0.71428573,0.0,0.0,7,2,4,3,0,0,4,0,0,0,4,3,3,1,0,0,4,0,1,43,4,1,0,0,0,0,3,7,0,6,1,0,1,0,54,1,0
C:\Users\Gabriel\Documents\GitHub\Lab-de-Experimentacao-de-Software-2\work_one\iluwatar\java-design-patterns\hexagonal-architecture\src\main\java\com\iluwatar\hexagonal\domain\LotteryNumbers.java,com.iluwatar.hexagonal.domain.LotteryNumbers,createRandom/0,False,67,1,5,4,1,1,0,3,1,0,0,0,0,0,0,0,0,0,0,0,0,0,0,0,0,0,8,9,0,True,class,4,17,13,4,8,1,0,9,1,0.71428573,0.0,0.0,7,2,4,3,0,0,4,0,0,0,4,3,3,1,0,0,4,0,1,43,4,1,0,0,0,0,3,7,0,6,1,0,1,0,54,1,0
C:\Users\Gabriel\Documents\GitHub\Lab-de-Experimentacao-de-Software-2\work_one\iluwatar\java-design-patterns\hexagonal-architecture\src\main\java\com\iluwatar\hexagonal\domain\LotteryNumbers.java,com.iluwatar.hexagonal.domain.LotteryNumbers,getNumbers/0,False,85,0,3,3,0,1,1,3,1,0,0,1,0,0,0,0,0,0,0,0,0,0,0,0,0,0,5,1,0,True,class,4,17,13,4,8,1,0,9,1,0.71428573,0.0,0.0,7,2,4,3,0,0,4,0,0,0,4,3,3,1,0,0,4,0,1,43,4,1,0,0,0,0,3,7,0,6,1,0,1,0,54,1,0
C:\Users\Gabriel\Documents\GitHub\Lab-de-Experimentacao-de-Software-2\work_one\iluwatar\java-design-patterns\hexagonal-architecture\src\main\java\com\iluwatar\hexagonal\domain\LotteryNumbers.java,com.iluwatar.hexagonal.domain.LotteryNumbers,generateRandomNumbers/0,False,99,1,3,1,2,2,4,8,0,2,0,4,0,0,1,0,0,0,0,0,2,0,1,0,0,0,22,2,0,True,class,4,17,13,4,8,1,0,9,1,0.71428573,0.0,0.0,7,2,4,3,0,0,4,0,0,0,4,3,3,1,0,0,4,0,1,43,4,1,0,0,0,0,3,7,0,6,1,0,1,0,54,1,0
C:\Users\Gabriel\Documents\GitHub\Lab-de-Experimentacao-de-Software-2\work_one\iluwatar\java-design-patterns\hexagonal-architecture\src\main\java\com\iluwatar\hexagonal\domain\LotteryNumbers.java,com.iluwatar.hexagonal.domain.LotteryNumbers,LotteryNumbers/0,True,51,1,2,1,1,1,1,4,0,0,0,1,1,1,0,0,0,0,0,0,1,0,0,0,0,0,8,2,0,True,class,4,17,13,4,8,1,0,9,1,0.71428573,0.0,0.0,7,2,4,3,0,0,4,0,0,0,4,3,3,1,0,0,4,0,1,43,4,1,0,0,0,0,3,7,0,6,1,0,1,0,54,1,0
C:\Users\Gabriel\Documents\GitHub\Lab-de-Experimentacao-de-Software-2\work_one\iluwatar\java-design-patterns\hexagonal-architecture\src\main\java\com\iluwatar\hexagonal\domain\LotteryNumbers.java,com.iluwatar.hexagonal.domain.LotteryNumbers,LotteryNumbers/1[java.util.Set<java.lang.Integer>],True,57,0,1,1,0,1,1,4,0,0,1,1,0,0,0,0,0,0,0,0,1,0,0,0,0,0,5,2,0,True,class,4,17,13,4,8,1,0,9,1,0.71428573,0.0,0.0,7,2,4,3,0,0,4,0,0,0,4,3,3,1,0,0,4,0,1,43,4,1,0,0,0,0,3,7,0,6,1,0,1,0,54,1,0
C:\Users\Gabriel\Documents\GitHub\Lab-de-Experimentacao-de-Software-2\work_one\iluwatar\java-design-patterns\hexagonal-architecture\src\main\java\com\iluwatar\hexagonal\App.java,com.iluwatar.hexagonal.App,main/1[java.lang.String[]],False,62,4,2,0,2,1,5,8,0,3,1,5,0,0,0,0,0,0,0,1,3,0,0,0,0,0,11,9,0,True,class,4,4,0,4,1,1,0,5,0,0.0,,,1,1,1,0,0,0,1,0,0,0,0,0,0,0,0,0,0,0,1,10,0,0,0,0,0,0,1,3,0,3,0,0,0,0,95,1,0
C:\Users\Gabriel\Documents\GitHub\Lab-de-Experimentacao-de-Software-2\work_one\iluwatar\java-design-patterns\hexagonal-architecture\src\main\java\com\iluwatar\hexagonal\domain\LotteryTicketId.java,com.iluwatar.hexagonal.domain.LotteryTicketId,toString/0,False,46,0,0,0,0,1,1,3,1,0,0,1,0,0,0,0,0,0,1,0,0,0,0,0,0,0,2,1,0,False,class,3,16,13,3,2,1,0,2,0,0.25,0.0,0.0,2,0,2,0,0,0,2,0,0,0,2,1,0,2,0,0,2,0,1,10,1,0,0,0,0,1,1,2,0,2,0,0,0,0,11,1,0
C:\Users\Gabriel\Documents\GitHub\Lab-de-Experimentacao-de-Software-2\work_one\iluwatar\java-design-patterns\hexagonal-architecture\src\main\java\com\iluwatar\hexagonal\domain\LotteryTicketId.java,com.iluwatar.hexagonal.domain.LotteryTicketId,LotteryTicketId/0,True,41,0,11,11,0,1,1,3,0,0,0,1,0,0,0,0,0,0,0,0,1,0,0,0,0,0,3,1,0,False,class,3,16,13,3,2,1,0,2,0,0.25,0.0,0.0,2,0,2,0,0,0,2,0,0,0,2,1,0,2,0,0,2,0,1,10,1,0,0,0,0,1,1,2,0,2,0,0,0,0,11,1,0
C:\Users\Gabriel\Documents\GitHub\Lab-de-Experimentacao-de-Software-2\work_one\iluwatar\java-design-patterns\hexagonal-architecture\src\main\java\com\iluwatar\hexagonal\service\ConsoleLottery.java,com.iluwatar.hexagonal.service.ConsoleLottery,printMainMenu/0,False,68,0,1,1,0,1,1,9,0,0,0,1,0,0,0,0,0,0,7,0,0,0,0,0,0,0,14,10,7,False,class,7,8,1,7,9,1,0,12,3,0.0,,,3,3,1,2,0,0,1,0,0,0,0,0,0,0,0,0,0,0,3,47,1,1,0,1,0,14,0,8,0,7,3,0,0,0,37,1,9
C:\Users\Gabriel\Documents\GitHub\Lab-de-Experimentacao-de-Software-2\work_one\iluwatar\java-design-patterns\hexagonal-architecture\src\main\java\com\iluwatar\hexagonal\service\ConsoleLottery.java,com.iluwatar.hexagonal.service.ConsoleLottery,readString/1[java.util.Scanner],False,78,0,1,1,0,1,2,4,1,0,1,2,0,0,0,0,0,0,1,0,0,0,0,0,0,0,4,10,1,False,class,7,8,1,7,9,1,0,12,3,0.0,,,3,3,1,2,0,0,1,0,0,0,0,0,0,0,0,0,0,0,3,47,1,1,0,1,0,14,0,8,0,7,3,0,0,0,37,1,9
C:\Users\Gabriel\Documents\GitHub\Lab-de-Experimentacao-de-Software-2\work_one\iluwatar\java-design-patterns\hexagonal-architecture\src\main\java\com\iluwatar\hexagonal\service\ConsoleLottery.java,com.iluwatar.hexagonal.service.ConsoleLottery,main/1[java.lang.String[]],False,40,6,9,0,9,7,11,32,0,7,1,11,2,1,1,0,1,0,6,0,8,0,3,0,0,0,30,9,1,True,class,7,8,1,7,9,1,0,12,3,0.0,,,3,3,1,2,0,0,1,0,0,0,0,0,0,0,0,0,0,0,3,47,1,1,0,1,0,14,0,8,0,7,3,0,0,0,37,1,9
C:\Users\Gabriel\Documents\GitHub\Lab-de-Experimentacao-de-Software-2\work_one\iluwatar\java-design-patterns\hexagonal-architecture\src\main\java\com\iluwatar\hexagonal\domain\LotteryNumbers.java,com.iluwatar.hexagonal.domain.LotteryNumbers$RandomNumberGenerator,nextInt/0,False,129,0,1,1,0,1,1,3,1,0,0,1,0,0,0,0,0,0,0,0,0,0,0,0,0,0,11,1,0,True,innerclass,0,0,0,0,2,1,0,3,0,0.0,0.0,0.0,2,0,2,0,0,0,2,0,0,0,1,0,0,1,0,0,1,0,0,9,1,0,0,0,0,0,1,1,1,1,0,0,0,0,26,10,0
C:\Users\Gabriel\Documents\GitHub\Lab-de-Experimentacao-de-Software-2\work_one\iluwatar\java-design-patterns\hexagonal-architecture\src\main\java\com\iluwatar\hexagonal\domain\LotteryNumbers.java,com.iluwatar.hexagonal.domain.LotteryNumbers$RandomNumberGenerator,"RandomNumberGenerator/2[int,int]",True,120,0,1,1,0,1,2,3,0,0,2,2,0,0,0,0,0,0,0,1,1,1,0,0,0,0,20,1,0,True,innerclass,0,0,0,0,2,1,0,3,0,0.0,0.0,0.0,2,0,2,0,0,0,2,0,0,0,1,0,0,1,0,0,1,0,0,9,1,0,0,0,0,0,1,1,1,1,0,0,0,0,26,10,0
C:\Users\Gabriel\Documents\GitHub\Lab-de-Experimentacao-de-Software-2\work_one\iluwatar\java-design-patterns\hexagonal-architecture\src\main\java\com\iluwatar\hexagonal\banking\MongoBank.java,com.iluwatar.hexagonal.banking.MongoBank,"connect/2[java.lang.String,java.lang.String]",False,61,1,2,2,0,2,5,8,0,0,2,5,0,0,0,1,0,0,2,0,3,0,1,0,0,0,14,1,0,True,class,8,11,3,8,9,1,0,20,15,0.8,0.0,0.0,7,0,7,0,0,0,7,0,0,0,5,2,0,5,0,0,2,0,3,45,3,0,1,0,0,10,2,10,2,11,1,0,0,1,55,1,0
C:\Users\Gabriel\Documents\GitHub\Lab-de-Experimentacao-de-Software-2\work_one\iluwatar\java-design-patterns\hexagonal-architecture\src\main\java\com\iluwatar\hexagonal\banking\MongoBank.java,com.iluwatar.hexagonal.banking.MongoBank,"setFunds/2[java.lang.String,int]",False,73,2,2,2,0,1,3,6,0,3,2,3,0,0,0,0,0,0,4,0,3,0,0,0,0,0,10,1,0,False,class,8,11,3,8,9,1,0,20,15,0.8,0.0,0.0,7,0,7,0,0,0,7,0,0,0,5,2,0,5,0,0,2,0,3,45,3,0,1,0,0,10,2,10,2,11,1,0,0,1,55,1,0
C:\Users\Gabriel\Documents\GitHub\Lab-de-Experimentacao-de-Software-2\work_one\iluwatar\java-design-patterns\hexagonal-architecture\src\main\java\com\iluwatar\hexagonal\banking\MongoBank.java,com.iluwatar.hexagonal.banking.MongoBank,"MongoBank/2[java.lang.String,java.lang.String]",True,51,1,2,1,1,1,1,3,0,0,2,1,1,1,0,0,0,0,0,0,0,0,0,0,0,0,8,1,0,True,class,8,11,3,8,9,1,0,20,15,0.8,0.0,0.0,7,0,7,0,0,0,7,0,0,0,5,2,0,5,0,0,2,0,3,45,3,0,1,0,0,10,2,10,2,11,1,0,0,1,55,1,0
C:\Users\Gabriel\Documents\GitHub\Lab-de-Experimentacao-de-Software-2\work_one\iluwatar\java-design-patterns\hexagonal-architecture\src\main\java\com\iluwatar\hexagonal\banking\MongoBank.java,com.iluwatar.hexagonal.banking.MongoBank,getFunds/1[java.lang.String],False,81,1,2,2,0,1,8,3,1,1,1,8,0,0,0,0,0,0,2,2,0,0,0,0,0,1,6,1,0,False,class,8,11,3,8,9,1,0,20,15,0.8,0.0,0.0,7,0,7,0,0,0,7,0,0,0,5,2,0,5,0,0,2,0,3,45,3,0,1,0,0,10,2,10,2,11,1,0,0,1,55,1,0
C:\Users\Gabriel\Documents\GitHub\Lab-de-Experimentacao-de-Software-2\work_one\iluwatar\java-design-patterns\hexagonal-architecture\src\main\java\com\iluwatar\hexagonal\banking\MongoBank.java,com.iluwatar.hexagonal.banking.MongoBank,MongoBank/0,True,46,1,1,0,1,1,1,3,0,0,0,1,1,2,0,0,0,0,0,0,0,0,0,0,0,0,3,1,0,True,class,8,11,3,8,9,1,0,20,15,0.8,0.0,0.0,7,0,7,0,0,0,7,0,0,0,5,2,0,5,0,0,2,0,3,45,3,0,1,0,0,10,2,10,2,11,1,0,0,1,55,1,0
C:\Users\Gabriel\Documents\GitHub\Lab-de-Experimentacao-de-Software-2\work_one\iluwatar\java-design-patterns\hexagonal-architecture\src\main\java\com\iluwatar\hexagonal\banking\MongoBank.java,com.iluwatar.hexagonal.banking.MongoBank,connect/0,False,56,1,2,1,1,1,1,3,0,0,0,1,1,1,0,0,0,0,0,0,0,0,0,0,0,0,5,1,0,True,class,8,11,3,8,9,1,0,20,15,0.8,0.0,0.0,7,0,7,0,0,0,7,0,0,0,5,2,0,5,0,0,2,0,3,45,3,0,1,0,0,10,2,10,2,11,1,0,0,1,55,1,0
C:\Users\Gabriel\Documents\GitHub\Lab-de-Experimentacao-de-Software-2\work_one\iluwatar\java-design-patterns\hexagonal-architecture\src\main\java\com\iluwatar\hexagonal\banking\MongoBank.java,com.iluwatar.hexagonal.banking.MongoBank,"transferFunds/3[int,java.lang.String,java.lang.String]",False,93,1,3,1,2,2,2,12,2,2,3,2,2,1,0,0,0,0,0,0,2,2,1,0,0,0,12,1,0,False,class,8,11,3,8,9,1,0,20,15,0.8,0.0,0.0,7,0,7,0,0,0,7,0,0,0,5,2,0,5,0,0,2,0,3,45,3,0,1,0,0,10,2,10,2,11,1,0,0,1,55,1,0
C:\Users\Gabriel\Documents\GitHub\Lab-de-Experimentacao-de-Software-2\work_one\iluwatar\java-design-patterns\hexagonal-architecture\src\main\java\com\iluwatar\hexagonal\eventlog\MongoEventLog.java,com.iluwatar.hexagonal.eventlog.MongoEventLog,connect/0,False,60,1,2,1,1,1,1,3,0,0,0,1,1,1,0,0,0,0,0,0,0,0,0,0,0,0,5,1,0,True,class,9,12,3,9,10,1,0,18,6,0.6296297,0.0,0.0,9,0,9,0,0,0,9,0,0,0,9,5,1,8,0,0,6,0,5,68,0,0,1,0,0,17,0,14,0,14,1,0,0,0,83,1,0
C:\Users\Gabriel\Documents\GitHub\Lab-de-Experimentacao-de-Software-2\work_one\iluwatar\java-design-patterns\hexagonal-architecture\src\main\java\com\iluwatar\hexagonal\eventlog\MongoEventLog.java,com.iluwatar.hexagonal.eventlog.MongoEventLog,"ticketWon/2[com.iluwatar.hexagonal.eventlog.PlayerDetails,int]",False,108,3,2,1,1,1,7,8,0,1,2,7,0,0,0,0,0,0,2,0,1,0,0,0,0,0,16,1,0,False,class,9,12,3,9,10,1,0,18,6,0.6296297,0.0,0.0,9,0,9,0,0,0,9,0,0,0,9,5,1,8,0,0,6,0,5,68,0,0,1,0,0,17,0,14,0,14,1,0,0,0,83,1,0
C:\Users\Gabriel\Documents\GitHub\Lab-de-Experimentacao-de-Software-2\work_one\iluwatar\java-design-patterns\hexagonal-architecture\src\main\java\com\iluwatar\hexagonal\eventlog\MongoEventLog.java,com.iluwatar.hexagonal.eventlog.MongoEventLog,ticketSubmitError/1[com.iluwatar.hexagonal.eventlog.PlayerDetails],False,88,3,2,1,1,1,6,8,0,1,1,6,0,0,0,0,0,0,2,0,1,0,0,0,0,0,16,1,0,False,class,9,12,3,9,10,1,0,18,6,0.6296297,0.0,0.0,9,0,9,0,0,0,9,0,0,0,9,5,1,8,0,0,6,0,5,68,0,0,1,0,0,17,0,14,0,14,1,0,0,0,83,1,0
C:\Users\Gabriel\Documents\GitHub\Lab-de-Experimentacao-de-Software-2\work_one\iluwatar\java-design-patterns\hexagonal-architecture\src\main\java\com\iluwatar\hexagonal\eventlog\MongoEventLog.java,com.iluwatar.hexagonal.eventlog.MongoEventLog,"prizeError/2[com.iluwatar.hexagonal.eventlog.PlayerDetails,int]",False,121,3,2,1,1,1,7,8,0,1,2,7,0,0,0,0,0,0,2,0,1,0,0,0,0,0,16,1,0,False,class,9,12,3,9,10,1,0,18,6,0.6296297,0.0,0.0,9,0,9,0,0,0,9,0,0,0,9,5,1,8,0,0,6,0,5,68,0,0,1,0,0,17,0,14,0,14,1,0,0,0,83,1,0
C:\Users\Gabriel\Documents\GitHub\Lab-de-Experimentacao-de-Software-2\work_one\iluwatar\java-design-patterns\hexagonal-architecture\src\main\java\com\iluwatar\hexagonal\eventlog\MongoEventLog.java,com.iluwatar.hexagonal.eventlog.MongoEventLog,MongoEventLog/0,True,50,1,1,0,1,1,1,3,0,0,0,1,1,2,0,0,0,0,0,0,0,0,0,0,0,0,4,1,0,True,class,9,12,3,9,10,1,0,18,6,0.6296297,0.0,0.0,9,0,9,0,0,0,9,0,0,0,9,5,1,8,0,0,6,0,5,68,0,0,1,0,0,17,0,14,0,14,1,0,0,0,83,1,0
C:\Users\Gabriel\Documents\GitHub\Lab-de-Experimentacao-de-Software-2\work_one\iluwatar\java-design-patterns\hexagonal-architecture\src\main\java\com\iluwatar\hexagonal\eventlog\MongoEventLog.java,com.iluwatar.hexagonal.eventlog.MongoEventLog,"MongoEventLog/2[java.lang.String,java.lang.String]",True,55,1,2,1,1,1,1,3,0,0,2,1,1,1,0,0,0,0,0,0,0,0,0,0,0,0,9,1,0,True,class,9,12,3,9,10,1,0,18,6,0.6296297,0.0,0.0,9,0,9,0,0,0,9,0,0,0,9,5,1,8,0,0,6,0,5,68,0,0,1,0,0,17,0,14,0,14,1,0,0,0,83,1,0
C:\Users\Gabriel\Documents\GitHub\Lab-de-Experimentacao-de-Software-2\work_one\iluwatar\java-design-patterns\hexagonal-architecture\src\main\java\com\iluwatar\hexagonal\eventlog\MongoEventLog.java,com.iluwatar.hexagonal.eventlog.MongoEventLog,ticketSubmitted/1[com.iluwatar.hexagonal.eventlog.PlayerDetails],False,77,3,2,1,1,1,6,8,0,1,1,6,0,0,0,0,0,0,2,0,1,0,0,0,0,0,14,1,0,False,class,9,12,3,9,10,1,0,18,6,0.6296297,0.0,0.0,9,0,9,0,0,0,9,0,0,0,9,5,1,8,0,0,6,0,5,68,0,0,1,0,0,17,0,14,0,14,1,0,0,0,83,1,0
C:\Users\Gabriel\Documents\GitHub\Lab-de-Experimentacao-de-Software-2\work_one\iluwatar\java-design-patterns\hexagonal-architecture\src\main\java\com\iluwatar\hexagonal\eventlog\MongoEventLog.java,com.iluwatar.hexagonal.eventlog.MongoEventLog,ticketDidNotWin/1[com.iluwatar.hexagonal.eventlog.PlayerDetails],False,98,3,2,1,1,1,6,8,0,1,1,6,0,0,0,0,0,0,2,0,1,0,0,0,0,0,17,1,0,False,class,9,12,3,9,10,1,0,18,6,0.6296297,0.0,0.0,9,0,9,0,0,0,9,0,0,0,9,5,1,8,0,0,6,0,5,68,0,0,1,0,0,17,0,14,0,14,1,0,0,0,83,1,0
C:\Users\Gabriel\Documents\GitHub\Lab-de-Experimentacao-de-Software-2\work_one\iluwatar\java-design-patterns\hexagonal-architecture\src\main\java\com\iluwatar\hexagonal\eventlog\MongoEventLog.java,com.iluwatar.hexagonal.eventlog.MongoEventLog,"connect/2[java.lang.String,java.lang.String]",False,65,1,2,2,0,2,5,8,0,0,2,5,0,0,0,1,0,0,2,0,3,0,1,0,0,0,14,1,0,True,class,9,12,3,9,10,1,0,18,6,0.6296297,0.0,0.0,9,0,9,0,0,0,9,0,0,0,9,5,1,8,0,0,6,0,5,68,0,0,1,0,0,17,0,14,0,14,1,0,0,0,83,1,0
C:\Users\Gabriel\Documents\GitHub\Lab-de-Experimentacao-de-Software-2\work_one\iluwatar\java-design-patterns\hexagonal-architecture\src\main\java\com\iluwatar\hexagonal\domain\LotteryAdministration.java,com.iluwatar.hexagonal.domain.LotteryAdministration,getAllSubmittedTickets/0,False,55,3,4,3,1,1,1,3,1,0,0,1,0,0,0,0,0,0,0,0,0,0,0,0,0,0,10,1,0,True,class,9,14,5,9,8,1,0,14,0,0.33333334,0.0,0.0,4,0,4,0,0,0,4,0,0,0,3,0,0,3,0,0,3,0,2,38,2,1,2,0,0,0,0,9,0,9,3,0,0,0,34,1,0
C:\Users\Gabriel\Documents\GitHub\Lab-de-Experimentacao-de-Software-2\work_one\iluwatar\java-design-patterns\hexagonal-architecture\src\main\java\com\iluwatar\hexagonal\domain\LotteryAdministration.java,com.iluwatar.hexagonal.domain.LotteryAdministration,"LotteryAdministration/3[com.iluwatar.hexagonal.database.LotteryTicketRepository,com.iluwatar.hexagonal.eventlog.LotteryEventLog,com.iluwatar.hexagonal.banking.WireTransfers]",True,48,4,0,0,0,1,0,5,0,0,3,0,0,0,0,0,0,0,0,0,3,0,0,0,0,0,8,1,0,True,class,9,14,5,9,8,1,0,14,0,0.33333334,0.0,0.0,4,0,4,0,0,0,4,0,0,0,3,0,0,3,0,0,3,0,2,38,2,1,2,0,0,0,0,9,0,9,3,0,0,0,34,1,0
C:\Users\Gabriel\Documents\GitHub\Lab-de-Experimentacao-de-Software-2\work_one\iluwatar\java-design-patterns\hexagonal-architecture\src\main\java\com\iluwatar\hexagonal\domain\LotteryAdministration.java,com.iluwatar.hexagonal.domain.LotteryAdministration,performLottery/0,False,60,5,9,2,7,5,12,22,1,6,0,12,1,1,1,2,0,0,0,0,6,0,3,0,0,0,18,1,0,True,class,9,14,5,9,8,1,0,14,0,0.33333334,0.0,0.0,4,0,4,0,0,0,4,0,0,0,3,0,0,3,0,0,3,0,2,38,2,1,2,0,0,0,0,9,0,9,3,0,0,0,34,1,0
C:\Users\Gabriel\Documents\GitHub\Lab-de-Experimentacao-de-Software-2\work_one\iluwatar\java-design-patterns\hexagonal-architecture\src\main\java\com\iluwatar\hexagonal\domain\LotteryAdministration.java,com.iluwatar.hexagonal.domain.LotteryAdministration,resetLottery/0,False,82,1,3,2,1,1,1,3,0,0,0,1,0,0,0,0,0,0,0,0,0,0,0,0,0,0,4,1,0,True,class,9,14,5,9,8,1,0,14,0,0.33333334,0.0,0.0,4,0,4,0,0,0,4,0,0,0,3,0,0,3,0,0,3,0,2,38,2,1,2,0,0,0,0,9,0,9,3,0,0,0,34,1,0
C:\Users\Gabriel\Documents\GitHub\Lab-de-Experimentacao-de-Software-2\work_one\iluwatar\java-design-patterns\hexagonal-architecture\src\main\java\com\iluwatar\hexagonal\domain\LotteryTicketCheckResult.java,com.iluwatar.hexagonal.domain.LotteryTicketCheckResult,LotteryTicketCheckResult/1[com.iluwatar.hexagonal.domain.LotteryTicketCheckResult.CheckResult],True,48,1,2,2,0,1,0,4,0,0,1,0,0,0,0,0,0,0,0,1,2,0,0,0,0,0,7,1,0,True,class,4,9,5,4,1,1,0,0,0,0.0,,,1,0,1,0,0,0,1,0,0,0,2,0,0,2,0,0,2,0,0,9,0,0,0,0,0,0,1,2,0,2,0,0,1,0,30,1,0
C:\Users\Gabriel\Documents\GitHub\Lab-de-Experimentacao-de-Software-2\work_one\iluwatar\java-design-patterns\hexagonal-architecture\src\main\java\com\iluwatar\hexagonal\eventlog\LotteryEventLog.java,com.iluwatar.hexagonal.eventlog.LotteryEventLog,ticketSubmitError/1[com.iluwatar.hexagonal.eventlog.PlayerDetails],False,35,1,1,1,0,1,0,1,0,0,1,0,0,0,0,0,0,0,0,0,0,0,0,0,0,0,9,0,0,True,interface,1,7,6,1,5,1,0,0,10,0.0,0.0,0.0,5,0,0,0,0,5,5,0,0,0,0,0,0,0,0,0,0,0,0,7,0,0,0,0,0,0,0,0,0,0,0,0,0,0,24,1,0
C:\Users\Gabriel\Documents\GitHub\Lab-de-Experimentacao-de-Software-2\work_one\iluwatar\java-design-patterns\hexagonal-architecture\src\main\java\com\iluwatar\hexagonal\eventlog\LotteryEventLog.java,com.iluwatar.hexagonal.eventlog.LotteryEventLog,"ticketWon/2[com.iluwatar.hexagonal.eventlog.PlayerDetails,int]",False,41,1,1,1,0,1,0,1,0,0,2,0,0,0,0,0,0,0,0,0,0,0,0,0,0,0,7,0,0,True,interface,1,7,6,1,5,1,0,0,10,0.0,0.0,0.0,5,0,0,0,0,5,5,0,0,0,0,0,0,0,0,0,0,0,0,7,0,0,0,0,0,0,0,0,0,0,0,0,0,0,24,1,0
C:\Users\Gabriel\Documents\GitHub\Lab-de-Experimentacao-de-Software-2\work_one\iluwatar\java-design-patterns\hexagonal-architecture\src\main\java\com\iluwatar\hexagonal\eventlog\LotteryEventLog.java,com.iluwatar.hexagonal.eventlog.LotteryEventLog,ticketSubmitted/1[com.iluwatar.hexagonal.eventlog.PlayerDetails],False,32,1,1,1,0,1,0,1,0,0,1,0,0,0,0,0,0,0,0,0,0,0,0,0,0,0,6,0,0,True,interface,1,7,6,1,5,1,0,0,10,0.0,0.0,0.0,5,0,0,0,0,5,5,0,0,0,0,0,0,0,0,0,0,0,0,7,0,0,0,0,0,0,0,0,0,0,0,0,0,0,24,1,0
C:\Users\Gabriel\Documents\GitHub\Lab-de-Experimentacao-de-Software-2\work_one\iluwatar\java-design-patterns\hexagonal-architecture\src\main\java\com\iluwatar\hexagonal\eventlog\LotteryEventLog.java,com.iluwatar.hexagonal.eventlog.LotteryEventLog,"prizeError/2[com.iluwatar.hexagonal.eventlog.PlayerDetails,int]",False,44,1,1,1,0,1,0,1,0,0,2,0,0,0,0,0,0,0,0,0,0,0,0,0,0,0,8,0,0,True,interface,1,7,6,1,5,1,0,0,10,0.0,0.0,0.0,5,0,0,0,0,5,5,0,0,0,0,0,0,0,0,0,0,0,0,7,0,0,0,0,0,0,0,0,0,0,0,0,0,0,24,1,0
C:\Users\Gabriel\Documents\GitHub\Lab-de-Experimentacao-de-Software-2\work_one\iluwatar\java-design-patterns\hexagonal-architecture\src\main\java\com\iluwatar\hexagonal\eventlog\LotteryEventLog.java,com.iluwatar.hexagonal.eventlog.LotteryEventLog,ticketDidNotWin/1[com.iluwatar.hexagonal.eventlog.PlayerDetails],False,38,1,1,1,0,1,0,1,0,0,1,0,0,0,0,0,0,0,0,0,0,0,0,0,0,0,10,0,0,True,interface,1,7,6,1,5,1,0,0,10,0.0,0.0,0.0,5,0,0,0,0,5,5,0,0,0,0,0,0,0,0,0,0,0,0,7,0,0,0,0,0,0,0,0,0,0,0,0,0,0,24,1,0
C:\Users\Gabriel\Documents\GitHub\Lab-de-Experimentacao-de-Software-2\work_one\iluwatar\java-design-patterns\hexagonal-architecture\src\main\java\com\iluwatar\hexagonal\eventlog\StdOutEventLog.java,com.iluwatar.hexagonal.eventlog.StdOutEventLog,ticketDidNotWin/1[com.iluwatar.hexagonal.eventlog.PlayerDetails],False,43,1,1,1,0,1,2,3,0,0,1,2,0,0,0,0,0,0,1,0,0,0,0,0,0,0,14,1,1,False,class,3,5,2,3,5,1,0,4,10,0.0,0.0,0.0,5,0,5,0,0,0,5,0,0,0,0,0,0,0,0,0,0,0,0,17,0,0,0,0,0,7,0,0,2,0,0,0,0,0,47,1,5
C:\Users\Gabriel\Documents\GitHub\Lab-de-Experimentacao-de-Software-2\work_one\iluwatar\java-design-patterns\hexagonal-architecture\src\main\java\com\iluwatar\hexagonal\eventlog\StdOutEventLog.java,com.iluwatar.hexagonal.eventlog.StdOutEventLog,ticketSubmitError/1[com.iluwatar.hexagonal.eventlog.PlayerDetails],False,67,1,1,1,0,1,2,3,0,0,1,2,0,0,0,0,0,0,2,0,0,1,0,0,0,0,15,1,1,False,class,3,5,2,3,5,1,0,4,10,0.0,0.0,0.0,5,0,5,0,0,0,5,0,0,0,0,0,0,0,0,0,0,0,0,17,0,0,0,0,0,7,0,0,2,0,0,0,0,0,47,1,5
C:\Users\Gabriel\Documents\GitHub\Lab-de-Experimentacao-de-Software-2\work_one\iluwatar\java-design-patterns\hexagonal-architecture\src\main\java\com\iluwatar\hexagonal\eventlog\StdOutEventLog.java,com.iluwatar.hexagonal.eventlog.StdOutEventLog,ticketSubmitted/1[com.iluwatar.hexagonal.eventlog.PlayerDetails],False,35,1,1,1,0,1,3,3,0,0,1,3,0,0,0,0,0,0,1,0,0,0,0,0,0,0,9,1,1,False,class,3,5,2,3,5,1,0,4,10,0.0,0.0,0.0,5,0,5,0,0,0,5,0,0,0,0,0,0,0,0,0,0,0,0,17,0,0,0,0,0,7,0,0,2,0,0,0,0,0,47,1,5
C:\Users\Gabriel\Documents\GitHub\Lab-de-Experimentacao-de-Software-2\work_one\iluwatar\java-design-patterns\hexagonal-architecture\src\main\java\com\iluwatar\hexagonal\eventlog\StdOutEventLog.java,com.iluwatar.hexagonal.eventlog.StdOutEventLog,"prizeError/2[com.iluwatar.hexagonal.eventlog.PlayerDetails,int]",False,59,1,1,1,0,1,2,3,0,0,2,2,0,0,0,0,0,0,2,0,0,1,0,0,0,0,13,1,1,False,class,3,5,2,3,5,1,0,4,10,0.0,0.0,0.0,5,0,5,0,0,0,5,0,0,0,0,0,0,0,0,0,0,0,0,17,0,0,0,0,0,7,0,0,2,0,0,0,0,0,47,1,5
C:\Users\Gabriel\Documents\GitHub\Lab-de-Experimentacao-de-Software-2\work_one\iluwatar\java-design-patterns\hexagonal-architecture\src\main\java\com\iluwatar\hexagonal\eventlog\StdOutEventLog.java,com.iluwatar.hexagonal.eventlog.StdOutEventLog,"ticketWon/2[com.iluwatar.hexagonal.eventlog.PlayerDetails,int]",False,50,1,1,1,0,1,3,3,0,0,2,3,0,0,0,0,0,0,1,0,0,0,0,0,0,0,14,1,1,False,class,3,5,2,3,5,1,0,4,10,0.0,0.0,0.0,5,0,5,0,0,0,5,0,0,0,0,0,0,0,0,0,0,0,0,17,0,0,0,0,0,7,0,0,2,0,0,0,0,0,47,1,5
C:\Users\Gabriel\Documents\GitHub\Lab-de-Experimentacao-de-Software-2\work_one\iluwatar\java-design-patterns\hexagonal-architecture\src\main\java\com\iluwatar\hexagonal\sampledata\SampleData.java,com.iluwatar.hexagonal.sampledata.SampleData,getRandomPlayerDetails/0,False,106,1,1,1,0,1,3,3,1,0,0,3,0,0,0,0,0,0,0,0,0,0,0,0,0,0,4,10,0,False,class,8,11,3,8,4,1,0,13,1,0.5,0.0,0.0,2,2,1,1,0,0,2,0,0,0,2,2,0,2,0,0,2,0,4,21,1,1,0,0,0,117,1,8,0,9,1,0,0,1,47,1,0
C:\Users\Gabriel\Documents\GitHub\Lab-de-Experimentacao-de-Software-2\work_one\iluwatar\java-design-patterns\hexagonal-architecture\src\main\java\com\iluwatar\hexagonal\sampledata\SampleData.java,com.iluwatar.hexagonal.sampledata.SampleData,(initializer 1),False,45,3,1,0,1,1,7,5,0,2,0,7,0,0,0,0,0,0,117,0,2,0,0,0,0,1,16,8,0,False,class,8,11,3,8,4,1,0,13,1,0.5,0.0,0.0,2,2,1,1,0,0,2,0,0,0,2,2,0,2,0,0,2,0,4,21,1,1,0,0,0,117,1,8,0,9,1,0,0,1,47,1,0
C:\Users\Gabriel\Documents\GitHub\Lab-de-Experimentacao-de-Software-2\work_one\iluwatar\java-design-patterns\hexagonal-architecture\src\main\java\com\iluwatar\hexagonal\sampledata\SampleData.java,com.iluwatar.hexagonal.sampledata.SampleData,"submitTickets/2[com.iluwatar.hexagonal.domain.LotteryService,int]",False,96,6,6,2,4,2,3,9,0,5,2,3,1,1,1,0,0,0,0,1,5,0,1,0,0,0,25,9,0,True,class,8,11,3,8,4,1,0,13,1,0.5,0.0,0.0,2,2,1,1,0,0,2,0,0,0,2,2,0,2,0,0,2,0,4,21,1,1,0,0,0,117,1,8,0,9,1,0,0,1,47,1,0
C:\Users\Gabriel\Documents\GitHub\Lab-de-Experimentacao-de-Software-2\work_one\iluwatar\java-design-patterns\hexagonal-architecture\src\test\java\com\iluwatar\hexagonal\database\MongoTicketRepositoryTest.java,com.iluwatar.hexagonal.database.MongoTicketRepositoryTest,init/0,False,51,4,2,0,2,1,5,7,0,1,0,5,0,0,0,0,0,0,2,0,2,0,0,0,0,0,14,0,0,False,class,10,10,0,10,4,1,0,22,0,0.5625,0.0,0.0,4,0,0,0,0,4,4,0,0,0,4,3,0,4,0,0,3,0,5,39,0,0,0,0,0,11,7,11,0,11,0,0,0,0,43,0,0
C:\Users\Gabriel\Documents\GitHub\Lab-de-Experimentacao-de-Software-2\work_one\iluwatar\java-design-patterns\hexagonal-architecture\src\test\java\com\iluwatar\hexagonal\database\MongoTicketRepositoryTest.java,com.iluwatar.hexagonal.database.MongoTicketRepositoryTest,testSetup/0,False,63,1,0,0,0,1,4,4,0,0,0,4,0,0,0,0,0,0,0,2,0,0,0,0,0,0,4,0,0,False,class,10,10,0,10,4,1,0,22,0,0.5625,0.0,0.0,4,0,0,0,0,4,4,0,0,0,4,3,0,4,0,0,3,0,5,39,0,0,0,0,0,11,7,11,0,11,0,0,0,0,43,0,0
C:\Users\Gabriel\Documents\GitHub\Lab-de-Experimentacao-de-Software-2\work_one\iluwatar\java-design-patterns\hexagonal-architecture\src\test\java\com\iluwatar\hexagonal\database\MongoTicketRepositoryTest.java,com.iluwatar.hexagonal.database.MongoTicketRepositoryTest,testCrudOperations/0,False,76,6,5,0,5,1,15,17,0,6,0,15,0,0,0,0,0,0,6,2,6,0,0,0,0,0,18,0,0,False,class,10,10,0,10,4,1,0,22,0,0.5625,0.0,0.0,4,0,0,0,0,4,4,0,0,0,4,3,0,4,0,0,3,0,5,39,0,0,0,0,0,11,7,11,0,11,0,0,0,0,43,0,0
C:\Users\Gabriel\Documents\GitHub\Lab-de-Experimentacao-de-Software-2\work_one\iluwatar\java-design-patterns\hexagonal-architecture\src\test\java\com\iluwatar\hexagonal\database\MongoTicketRepositoryTest.java,com.iluwatar.hexagonal.database.MongoTicketRepositoryTest,testNextId/0,False,69,2,1,0,1,1,2,5,0,0,0,2,0,0,0,0,0,0,0,3,0,0,0,0,0,0,5,0,0,False,class,10,10,0,10,4,1,0,22,0,0.5625,0.0,0.0,4,0,0,0,0,4,4,0,0,0,4,3,0,4,0,0,3,0,5,39,0,0,0,0,0,11,7,11,0,11,0,0,0,0,43,0,0
C:\Users\Gabriel\Documents\GitHub\Lab-de-Experimentacao-de-Software-2\work_one\iluwatar\java-design-patterns\hexagonal-architecture\src\test\java\com\iluwatar\hexagonal\domain\LotteryTicketCheckResultTest.java,com.iluwatar.hexagonal.domain.LotteryTicketCheckResultTest,testEquals/0,False,37,2,1,0,1,1,2,7,0,3,0,2,0,0,0,0,0,0,0,1,3,0,0,0,0,0,12,0,0,False,class,2,2,0,2,1,1,0,2,0,0.0,,,1,0,0,0,0,1,1,0,0,0,0,0,0,0,0,0,0,0,0,9,0,0,0,0,0,0,1,3,0,3,0,0,0,0,15,0,0
C:\Users\Gabriel\Documents\GitHub\Lab-de-Experimentacao-de-Software-2\work_one\iluwatar\java-design-patterns\hexagonal-architecture\src\main\java\com\iluwatar\hexagonal\service\LotteryConsoleService.java,com.iluwatar.hexagonal.service.LotteryConsoleService,"checkTicket/2[com.iluwatar.hexagonal.domain.LotteryService,java.util.Scanner]",False,34,1,0,0,0,1,0,1,0,0,2,0,0,0,0,0,0,0,0,0,0,0,0,0,0,0,5,0,0,False,interface,2,3,1,2,4,1,0,0,6,0.0,0.0,0.0,4,0,0,0,0,4,4,0,0,0,0,0,0,0,0,0,0,0,0,6,0,0,0,0,0,0,0,0,0,0,0,0,0,0,26,1,0
C:\Users\Gabriel\Documents\GitHub\Lab-de-Experimentacao-de-Software-2\work_one\iluwatar\java-design-patterns\hexagonal-architecture\src\main\java\com\iluwatar\hexagonal\service\LotteryConsoleService.java,com.iluwatar.hexagonal.service.LotteryConsoleService,"queryLotteryAccountFunds/2[com.iluwatar.hexagonal.banking.WireTransfers,java.util.Scanner]",False,42,1,0,0,0,1,0,1,0,0,2,0,0,0,0,0,0,0,0,0,0,0,0,0,0,0,11,0,0,True,interface,2,3,1,2,4,1,0,0,6,0.0,0.0,0.0,4,0,0,0,0,4,4,0,0,0,0,0,0,0,0,0,0,0,0,6,0,0,0,0,0,0,0,0,0,0,0,0,0,0,26,1,0
C:\Users\Gabriel\Documents\GitHub\Lab-de-Experimentacao-de-Software-2\work_one\iluwatar\java-design-patterns\hexagonal-architecture\src\main\java\com\iluwatar\hexagonal\service\LotteryConsoleService.java,com.iluwatar.hexagonal.service.LotteryConsoleService,"submitTicket/2[com.iluwatar.hexagonal.domain.LotteryService,java.util.Scanner]",False,36,1,0,0,0,1,0,1,0,0,2,0,0,0,0,0,0,0,0,0,0,0,0,0,0,0,12,0,0,True,interface,2,3,1,2,4,1,0,0,6,0.0,0.0,0.0,4,0,0,0,0,4,4,0,0,0,0,0,0,0,0,0,0,0,0,6,0,0,0,0,0,0,0,0,0,0,0,0,0,0,26,1,0
C:\Users\Gabriel\Documents\GitHub\Lab-de-Experimentacao-de-Software-2\work_one\iluwatar\java-design-patterns\hexagonal-architecture\src\main\java\com\iluwatar\hexagonal\service\LotteryConsoleService.java,com.iluwatar.hexagonal.service.LotteryConsoleService,"addFundsToLotteryAccount/2[com.iluwatar.hexagonal.banking.WireTransfers,java.util.Scanner]",False,39,1,0,0,0,1,0,1,0,0,2,0,0,0,0,0,0,0,0,0,0,0,0,0,0,0,12,0,0,True,interface,2,3,1,2,4,1,0,0,6,0.0,0.0,0.0,4,0,0,0,0,4,4,0,0,0,0,0,0,0,0,0,0,0,0,6,0,0,0,0,0,0,0,0,0,0,0,0,0,0,26,1,0
C:\Users\Gabriel\Documents\GitHub\Lab-de-Experimentacao-de-Software-2\work_one\iluwatar\java-design-patterns\hexagonal-architecture\src\main\java\com\iluwatar\hexagonal\banking\WireTransfers.java,com.iluwatar.hexagonal.banking.WireTransfers,"transferFunds/3[int,java.lang.String,java.lang.String]",False,36,0,3,3,0,1,0,1,0,0,3,0,0,0,0,0,0,0,0,0,0,0,0,0,0,0,12,0,0,True,interface,0,11,11,0,3,1,0,0,3,0.0,0.0,0.0,3,0,0,0,0,3,3,0,0,0,0,0,0,0,0,0,0,0,0,5,0,0,0,0,0,0,0,0,0,0,0,0,0,0,21,1,0
C:\Users\Gabriel\Documents\GitHub\Lab-de-Experimentacao-de-Software-2\work_one\iluwatar\java-design-patterns\hexagonal-architecture\src\main\java\com\iluwatar\hexagonal\banking\WireTransfers.java,com.iluwatar.hexagonal.banking.WireTransfers,"setFunds/2[java.lang.String,int]",False,30,0,3,3,0,1,0,1,0,0,2,0,0,0,0,0,0,0,0,0,0,0,0,0,0,0,7,0,0,True,interface,0,11,11,0,3,1,0,0,3,0.0,0.0,0.0,3,0,0,0,0,3,3,0,0,0,0,0,0,0,0,0,0,0,0,5,0,0,0,0,0,0,0,0,0,0,0,0,0,0,21,1,0
C:\Users\Gabriel\Documents\GitHub\Lab-de-Experimentacao-de-Software-2\work_one\iluwatar\java-design-patterns\hexagonal-architecture\src\main\java\com\iluwatar\hexagonal\banking\WireTransfers.java,com.iluwatar.hexagonal.banking.WireTransfers,getFunds/1[java.lang.String],False,33,0,3,3,0,1,0,1,0,0,1,0,0,0,0,0,0,0,0,0,0,0,0,0,0,0,8,0,0,True,interface,0,11,11,0,3,1,0,0,3,0.0,0.0,0.0,3,0,0,0,0,3,3,0,0,0,0,0,0,0,0,0,0,0,0,5,0,0,0,0,0,0,0,0,0,0,0,0,0,0,21,1,0
C:\Users\Gabriel\Documents\GitHub\Lab-de-Experimentacao-de-Software-2\work_one\iluwatar\java-design-patterns\hexagonal-architecture\src\main\java\com\iluwatar\hexagonal\database\MongoTicketRepository.java,com.iluwatar.hexagonal.database.MongoTicketRepository,"MongoTicketRepository/3[java.lang.String,java.lang.String,java.lang.String]",True,63,1,2,1,1,1,1,3,0,0,3,1,1,2,0,0,0,0,0,0,0,0,0,0,0,0,9,1,0,True,class,11,14,3,11,13,1,0,38,13,0.7954546,0.0,0.0,11,0,9,2,0,0,9,0,0,0,8,4,0,8,0,0,4,0,9,68,5,0,1,0,0,21,4,19,0,19,1,0,0,0,64,1,0
C:\Users\Gabriel\Documents\GitHub\Lab-de-Experimentacao-de-Software-2\work_one\iluwatar\java-design-patterns\hexagonal-architecture\src\main\java\com\iluwatar\hexagonal\database\MongoTicketRepository.java,com.iluwatar.hexagonal.database.MongoTicketRepository,getNextId/0,False,98,1,2,2,0,1,2,7,1,4,0,2,0,0,0,0,0,0,4,1,4,0,0,0,0,0,13,1,0,True,class,11,14,3,11,13,1,0,38,13,0.7954546,0.0,0.0,11,0,9,2,0,0,9,0,0,0,8,4,0,8,0,0,4,0,9,68,5,0,1,0,0,21,4,19,0,19,1,0,0,0,64,1,0
C:\Users\Gabriel\Documents\GitHub\Lab-de-Experimentacao-de-Software-2\work_one\iluwatar\java-design-patterns\hexagonal-architecture\src\main\java\com\iluwatar\hexagonal\database\MongoTicketRepository.java,com.iluwatar.hexagonal.database.MongoTicketRepository,findById/1[com.iluwatar.hexagonal.domain.LotteryTicketId],False,107,3,1,1,0,1,7,3,1,0,1,7,0,0,0,0,0,0,0,1,0,0,0,0,0,0,7,1,0,False,class,11,14,3,11,13,1,0,38,13,0.7954546,0.0,0.0,11,0,9,2,0,0,9,0,0,0,8,4,0,8,0,0,4,0,9,68,5,0,1,0,0,21,4,19,0,19,1,0,0,0,64,1,0
C:\Users\Gabriel\Documents\GitHub\Lab-de-Experimentacao-de-Software-2\work_one\iluwatar\java-design-patterns\hexagonal-architecture\src\main\java\com\iluwatar\hexagonal\database\MongoTicketRepository.java,com.iluwatar.hexagonal.database.MongoTicketRepository,deleteAll/0,False,137,1,1,1,0,1,1,3,0,0,0,1,0,0,0,0,0,0,0,0,0,0,0,0,0,0,3,1,0,False,class,11,14,3,11,13,1,0,38,13,0.7954546,0.0,0.0,11,0,9,2,0,0,9,0,0,0,8,4,0,8,0,0,4,0,9,68,5,0,1,0,0,21,4,19,0,19,1,0,0,0,64,1,0
C:\Users\Gabriel\Documents\GitHub\Lab-de-Experimentacao-de-Software-2\work_one\iluwatar\java-design-patterns\hexagonal-architecture\src\main\java\com\iluwatar\hexagonal\database\MongoTicketRepository.java,com.iluwatar.hexagonal.database.MongoTicketRepository,connect/0,False,68,1,2,1,1,1,1,3,0,0,0,1,1,2,0,0,0,0,0,0,0,0,0,0,0,0,5,1,0,True,class,11,14,3,11,13,1,0,38,13,0.7954546,0.0,0.0,11,0,9,2,0,0,9,0,0,0,8,4,0,8,0,0,4,0,9,68,5,0,1,0,0,21,4,19,0,19,1,0,0,0,64,1,0
C:\Users\Gabriel\Documents\GitHub\Lab-de-Experimentacao-de-Software-2\work_one\iluwatar\java-design-patterns\hexagonal-architecture\src\main\java\com\iluwatar\hexagonal\database\MongoTicketRepository.java,com.iluwatar.hexagonal.database.MongoTicketRepository,findAll/0,False,130,3,0,0,0,1,7,3,1,0,0,7,0,0,0,0,0,0,0,0,0,0,0,0,0,0,3,1,0,False,class,11,14,3,11,13,1,0,38,13,0.7954546,0.0,0.0,11,0,9,2,0,0,9,0,0,0,8,4,0,8,0,0,4,0,9,68,5,0,1,0,0,21,4,19,0,19,1,0,0,0,64,1,0
C:\Users\Gabriel\Documents\GitHub\Lab-de-Experimentacao-de-Software-2\work_one\iluwatar\java-design-patterns\hexagonal-architecture\src\main\java\com\iluwatar\hexagonal\database\MongoTicketRepository.java,com.iluwatar.hexagonal.database.MongoTicketRepository,MongoTicketRepository/0,True,57,1,1,0,1,1,1,3,0,0,0,1,1,3,0,0,0,0,0,0,0,0,0,0,0,0,4,1,0,True,class,11,14,3,11,13,1,0,38,13,0.7954546,0.0,0.0,11,0,9,2,0,0,9,0,0,0,8,4,0,8,0,0,4,0,9,68,5,0,1,0,0,21,4,19,0,19,1,0,0,0,64,1,0
C:\Users\Gabriel\Documents\GitHub\Lab-de-Experimentacao-de-Software-2\work_one\iluwatar\java-design-patterns\hexagonal-architecture\src\main\java\com\iluwatar\hexagonal\database\MongoTicketRepository.java,com.iluwatar.hexagonal.database.MongoTicketRepository,"connect/3[java.lang.String,java.lang.String,java.lang.String]",False,73,2,3,2,1,3,7,12,0,0,3,7,1,1,0,1,0,0,2,1,4,0,1,0,0,0,17,1,0,True,class,11,14,3,11,13,1,0,38,13,0.7954546,0.0,0.0,11,0,9,2,0,0,9,0,0,0,8,4,0,8,0,0,4,0,9,68,5,0,1,0,0,21,4,19,0,19,1,0,0,0,64,1,0
C:\Users\Gabriel\Documents\GitHub\Lab-de-Experimentacao-de-Software-2\work_one\iluwatar\java-design-patterns\hexagonal-architecture\src\main\java\com\iluwatar\hexagonal\database\MongoTicketRepository.java,com.iluwatar.hexagonal.database.MongoTicketRepository,initCounters/0,False,88,1,1,1,0,1,2,4,0,1,0,2,0,0,0,0,0,0,2,1,1,0,0,0,0,0,5,2,0,False,class,11,14,3,11,13,1,0,38,13,0.7954546,0.0,0.0,11,0,9,2,0,0,9,0,0,0,8,4,0,8,0,0,4,0,9,68,5,0,1,0,0,21,4,19,0,19,1,0,0,0,64,1,0
C:\Users\Gabriel\Documents\GitHub\Lab-de-Experimentacao-de-Software-2\work_one\iluwatar\java-design-patterns\hexagonal-architecture\src\main\java\com\iluwatar\hexagonal\database\MongoTicketRepository.java,com.iluwatar.hexagonal.database.MongoTicketRepository,docToTicket/1[com.iluwatar.hexagonal.database.Document],False,141,5,2,0,2,1,8,7,1,4,1,8,0,0,0,0,0,0,5,0,4,0,0,0,0,0,21,2,0,False,class,11,14,3,11,13,1,0,38,13,0.7954546,0.0,0.0,11,0,9,2,0,0,9,0,0,0,8,4,0,8,0,0,4,0,9,68,5,0,1,0,0,21,4,19,0,19,1,0,0,0,64,1,0
C:\Users\Gabriel\Documents\GitHub\Lab-de-Experimentacao-de-Software-2\work_one\iluwatar\java-design-patterns\hexagonal-architecture\src\main\java\com\iluwatar\hexagonal\database\MongoTicketRepository.java,com.iluwatar.hexagonal.database.MongoTicketRepository,save/1[com.iluwatar.hexagonal.database.LotteryTicket],False,118,4,3,1,2,1,10,10,1,2,1,10,1,1,0,0,0,0,4,0,2,0,0,0,0,0,10,1,0,False,class,11,14,3,11,13,1,0,38,13,0.7954546,0.0,0.0,11,0,9,2,0,0,9,0,0,0,8,4,0,8,0,0,4,0,9,68,5,0,1,0,0,21,4,19,0,19,1,0,0,0,64,1,0
C:\Users\Gabriel\Documents\GitHub\Lab-de-Experimentacao-de-Software-2\work_one\iluwatar\java-design-patterns\hexagonal-architecture\src\main\java\com\iluwatar\hexagonal\domain\LotteryService.java,com.iluwatar.hexagonal.domain.LotteryService,"checkTicketForPrize/2[com.iluwatar.hexagonal.domain.LotteryTicketId,com.iluwatar.hexagonal.domain.LotteryNumbers]",False,72,4,3,2,1,1,1,3,1,0,2,1,0,0,0,0,0,0,0,0,0,0,0,0,0,0,13,1,0,True,class,9,16,7,9,5,1,0,9,0,0.22222222,0.0,0.0,3,0,3,0,0,0,3,0,0,0,3,0,0,3,0,0,3,0,2,27,3,0,0,0,0,0,0,7,0,7,1,0,0,0,35,1,0
C:\Users\Gabriel\Documents\GitHub\Lab-de-Experimentacao-de-Software-2\work_one\iluwatar\java-design-patterns\hexagonal-architecture\src\main\java\com\iluwatar\hexagonal\domain\LotteryService.java,com.iluwatar.hexagonal.domain.LotteryService,"LotteryService/3[com.iluwatar.hexagonal.database.LotteryTicketRepository,com.iluwatar.hexagonal.eventlog.LotteryEventLog,com.iluwatar.hexagonal.banking.WireTransfers]",True,48,4,0,0,0,1,0,5,0,0,3,0,0,0,0,0,0,0,0,0,3,0,0,0,0,0,8,1,0,True,class,9,16,7,9,5,1,0,9,0,0.22222222,0.0,0.0,3,0,3,0,0,0,3,0,0,0,3,0,0,3,0,0,3,0,2,27,3,0,0,0,0,0,0,7,0,7,1,0,0,0,35,1,0
C:\Users\Gabriel\Documents\GitHub\Lab-de-Experimentacao-de-Software-2\work_one\iluwatar\java-design-patterns\hexagonal-architecture\src\main\java\com\iluwatar\hexagonal\domain\LotteryService.java,com.iluwatar.hexagonal.domain.LotteryService,submitTicket/1[com.iluwatar.hexagonal.domain.LotteryTicket],False,55,5,7,3,4,3,8,14,2,4,1,8,0,0,0,0,0,0,0,0,4,0,1,0,0,0,16,1,0,True,class,9,16,7,9,5,1,0,9,0,0.22222222,0.0,0.0,3,0,3,0,0,0,3,0,0,0,3,0,0,3,0,0,3,0,2,27,3,0,0,0,0,0,0,7,0,7,1,0,0,0,35,1,0
C:\Users\Gabriel\Documents\GitHub\Lab-de-Experimentacao-de-Software-2\work_one\iluwatar\java-design-patterns\hexagonal-architecture\src\main\java\com\iluwatar\hexagonal\module\LotteryModule.java,com.iluwatar.hexagonal.module.LotteryModule,configure/0,False,38,6,0,0,0,1,2,5,0,0,0,2,0,0,0,0,0,0,0,0,0,0,0,0,0,0,2,4,0,False,class,7,9,2,7,1,2,0,2,0,0.0,,,1,0,0,0,1,0,1,0,0,0,0,0,0,0,0,0,0,0,0,7,0,0,0,0,0,0,0,0,0,0,0,0,0,0,9,1,0
C:\Users\Gabriel\Documents\GitHub\Lab-de-Experimentacao-de-Software-2\work_one\iluwatar\java-design-patterns\hexagonal-architecture\src\main\java\com\iluwatar\hexagonal\mongo\MongoConnectionPropertiesLoader.java,com.iluwatar.hexagonal.mongo.MongoConnectionPropertiesLoader,load/0,False,39,0,4,4,0,3,7,18,0,5,0,7,0,0,0,1,1,0,7,0,7,0,2,0,0,0,33,9,1,True,class,1,5,4,1,3,1,0,7,0,0.0,,,1,1,1,0,0,0,1,0,0,0,2,2,0,2,0,0,2,0,5,22,0,0,1,1,0,8,1,9,0,7,2,0,0,0,36,1,1
C:\Users\Gabriel\Documents\GitHub\Lab-de-Experimentacao-de-Software-2\work_one\iluwatar\java-design-patterns\hexagonal-architecture\src\test\java\com\iluwatar\hexagonal\database\InMemoryTicketRepositoryTest.java,com.iluwatar.hexagonal.database.InMemoryTicketRepositoryTest,clear/0,False,40,2,1,0,1,1,1,3,0,0,0,1,0,0,0,0,0,0,0,0,0,0,0,0,0,0,1,0,0,False,class,6,6,0,6,2,1,0,11,0,0.0,0.0,0.0,2,0,0,0,0,2,2,0,0,0,1,0,0,1,0,0,1,0,1,16,0,0,0,0,0,0,1,5,0,5,0,0,0,0,19,0,0
C:\Users\Gabriel\Documents\GitHub\Lab-de-Experimentacao-de-Software-2\work_one\iluwatar\java-design-patterns\hexagonal-architecture\src\test\java\com\iluwatar\hexagonal\database\InMemoryTicketRepositoryTest.java,com.iluwatar.hexagonal.database.InMemoryTicketRepositoryTest,testCrudOperations/0,False,45,4,5,0,5,1,10,10,0,4,0,10,0,0,0,0,0,0,0,1,4,0,0,0,0,0,15,0,0,False,class,6,6,0,6,2,1,0,11,0,0.0,0.0,0.0,2,0,0,0,0,2,2,0,0,0,1,0,0,1,0,0,1,0,1,16,0,0,0,0,0,0,1,5,0,5,0,0,0,0,19,0,0
C:\Users\Gabriel\Documents\GitHub\Lab-de-Experimentacao-de-Software-2\work_one\iluwatar\java-design-patterns\hexagonal-architecture\src\main\java\com\iluwatar\hexagonal\domain\LotteryUtils.java,com.iluwatar.hexagonal.domain.LotteryUtils,LotteryUtils/0,True,33,0,0,0,0,1,0,2,0,0,0,0,0,0,0,0,0,0,0,0,0,0,0,0,0,0,2,2,0,False,class,4,6,2,4,4,1,0,5,1,0.0,,,2,1,1,1,0,0,1,0,0,0,0,0,0,0,0,0,0,0,0,18,3,0,0,0,0,0,1,1,0,1,2,0,0,0,19,1,0
C:\Users\Gabriel\Documents\GitHub\Lab-de-Experimentacao-de-Software-2\work_one\iluwatar\java-design-patterns\hexagonal-architecture\src\main\java\com\iluwatar\hexagonal\domain\LotteryUtils.java,com.iluwatar.hexagonal.domain.LotteryUtils,"checkTicketForPrize/3[com.iluwatar.hexagonal.database.LotteryTicketRepository,com.iluwatar.hexagonal.domain.LotteryTicketId,com.iluwatar.hexagonal.domain.LotteryNumbers]",False,37,4,4,2,2,3,5,14,3,1,3,5,0,0,0,0,0,0,0,1,1,0,2,0,0,0,17,9,0,True,class,4,6,2,4,4,1,0,5,1,0.0,,,2,1,1,1,0,0,1,0,0,0,0,0,0,0,0,0,0,0,0,18,3,0,0,0,0,0,1,1,0,1,2,0,0,0,19,1,0
C:\Users\Gabriel\Documents\GitHub\Lab-de-Experimentacao-de-Software-2\work_one\iluwatar\java-design-patterns\hexagonal-architecture\src\main\java\com\iluwatar\hexagonal\banking\InMemoryBank.java,com.iluwatar.hexagonal.banking.InMemoryBank,"transferFunds/3[int,java.lang.String,java.lang.String]",False,52,0,0,0,0,2,3,10,2,0,3,3,0,0,0,0,0,0,0,1,0,2,1,0,0,0,8,1,0,False,class,1,4,3,1,5,1,0,3,0,0.0,0.0,0.0,3,0,3,0,0,0,4,0,0,0,1,1,0,1,0,0,1,0,0,22,3,0,0,0,0,0,2,1,2,1,1,0,0,0,18,1,0
C:\Users\Gabriel\Documents\GitHub\Lab-de-Experimentacao-de-Software-2\work_one\iluwatar\java-design-patterns\hexagonal-architecture\src\main\java\com\iluwatar\hexagonal\banking\InMemoryBank.java,com.iluwatar.hexagonal.banking.InMemoryBank,(initializer 1),False,36,0,1,0,1,1,1,3,0,0,0,1,0,0,0,0,0,0,0,0,0,0,0,0,0,0,0,8,0,False,class,1,4,3,1,5,1,0,3,0,0.0,0.0,0.0,3,0,3,0,0,0,4,0,0,0,1,1,0,1,0,0,1,0,0,22,3,0,0,0,0,0,2,1,2,1,1,0,0,0,18,1,0
C:\Users\Gabriel\Documents\GitHub\Lab-de-Experimentacao-de-Software-2\work_one\iluwatar\java-design-patterns\hexagonal-architecture\src\main\java\com\iluwatar\hexagonal\banking\InMemoryBank.java,com.iluwatar.hexagonal.banking.InMemoryBank,"setFunds/2[java.lang.String,int]",False,42,0,0,0,0,1,1,3,0,0,2,1,0,0,0,0,0,0,0,0,0,0,0,0,0,0,3,1,0,False,class,1,4,3,1,5,1,0,3,0,0.0,0.0,0.0,3,0,3,0,0,0,4,0,0,0,1,1,0,1,0,0,1,0,0,22,3,0,0,0,0,0,2,1,2,1,1,0,0,0,18,1,0
C:\Users\Gabriel\Documents\GitHub\Lab-de-Experimentacao-de-Software-2\work_one\iluwatar\java-design-patterns\hexagonal-architecture\src\main\java\com\iluwatar\hexagonal\banking\InMemoryBank.java,com.iluwatar.hexagonal.banking.InMemoryBank,getFunds/1[java.lang.String],False,47,0,0,0,0,1,1,3,1,0,1,1,0,0,0,0,0,0,0,1,0,0,0,0,0,0,4,1,0,False,class,1,4,3,1,5,1,0,3,0,0.0,0.0,0.0,3,0,3,0,0,0,4,0,0,0,1,1,0,1,0,0,1,0,0,22,3,0,0,0,0,0,2,1,2,1,1,0,0,0,18,1,0
C:\Users\Gabriel\Documents\GitHub\Lab-de-Experimentacao-de-Software-2\work_one\iluwatar\java-design-patterns\hexagonal-architecture\src\test\java\com\iluwatar\hexagonal\domain\LotteryTicketIdTest.java,com.iluwatar.hexagonal.domain.LotteryTicketIdTest,testEquals/0,False,36,2,1,0,1,1,3,9,0,4,0,3,0,0,0,0,0,0,0,0,4,0,0,0,0,0,13,0,0,False,class,2,2,0,2,1,1,0,3,0,0.0,,,1,0,0,0,0,1,1,0,0,0,0,0,0,0,0,0,0,0,0,11,0,0,0,0,0,0,0,4,0,4,0,0,0,0,17,0,0
C:\Users\Gabriel\Documents\GitHub\Lab-de-Experimentacao-de-Software-2\work_one\iluwatar\java-design-patterns\hexagonal-architecture\src\main\java\com\iluwatar\hexagonal\administration\ConsoleAdministration.java,com.iluwatar.hexagonal.administration.ConsoleAdministration,printMainMenu/0,False,68,0,1,1,0,1,1,8,0,0,0,1,0,0,0,0,0,0,6,0,0,0,0,0,0,0,13,10,6,False,class,8,9,1,8,8,1,0,12,3,0.0,,,3,3,1,2,0,0,1,0,0,0,0,0,0,0,0,0,0,0,4,44,1,1,0,1,0,12,1,8,0,7,3,0,0,0,33,1,8
C:\Users\Gabriel\Documents\GitHub\Lab-de-Experimentacao-de-Software-2\work_one\iluwatar\java-design-patterns\hexagonal-architecture\src\main\java\com\iluwatar\hexagonal\administration\ConsoleAdministration.java,com.iluwatar.hexagonal.administration.ConsoleAdministration,readString/1[java.util.Scanner],False,77,0,1,1,0,1,2,4,1,0,1,2,0,0,0,0,0,0,1,0,0,0,0,0,0,0,4,10,1,False,class,8,9,1,8,8,1,0,12,3,0.0,,,3,3,1,2,0,0,1,0,0,0,0,0,0,0,0,0,0,0,4,44,1,1,0,1,0,12,1,8,0,7,3,0,0,0,33,1,8
C:\Users\Gabriel\Documents\GitHub\Lab-de-Experimentacao-de-Software-2\work_one\iluwatar\java-design-patterns\hexagonal-architecture\src\main\java\com\iluwatar\hexagonal\administration\ConsoleAdministration.java,com.iluwatar.hexagonal.administration.ConsoleAdministration,main/1[java.lang.String[]],False,41,7,9,0,9,6,11,30,0,7,1,11,2,1,1,0,1,0,5,1,8,0,3,0,0,0,26,9,1,True,class,8,9,1,8,8,1,0,12,3,0.0,,,3,3,1,2,0,0,1,0,0,0,0,0,0,0,0,0,0,0,4,44,1,1,0,1,0,12,1,8,0,7,3,0,0,0,33,1,8
C:\Users\Gabriel\Documents\GitHub\Lab-de-Experimentacao-de-Software-2\work_one\iluwatar\java-design-patterns\hexagonal-architecture\src\main\java\com\iluwatar\hexagonal\administration\ConsoleAdministrationSrv.java,com.iluwatar.hexagonal.administration.ConsoleAdministrationSrv,performLottery/0,False,33,0,0,0,0,1,0,1,0,0,0,0,0,0,0,0,0,0,0,0,0,0,0,0,0,0,4,0,0,True,interface,0,1,1,0,3,1,0,0,3,0.0,0.0,0.0,3,0,0,0,0,3,3,0,0,0,0,0,0,0,0,0,0,0,0,5,0,0,0,0,0,0,0,0,0,0,0,0,0,0,16,1,0
C:\Users\Gabriel\Documents\GitHub\Lab-de-Experimentacao-de-Software-2\work_one\iluwatar\java-design-patterns\hexagonal-architecture\src\main\java\com\iluwatar\hexagonal\administration\ConsoleAdministrationSrv.java,com.iluwatar.hexagonal.administration.ConsoleAdministrationSrv,getAllSubmittedTickets/0,False,30,0,0,0,0,1,0,1,0,0,0,0,0,0,0,0,0,0,0,0,0,0,0,0,0,0,7,0,0,True,interface,0,1,1,0,3,1,0,0,3,0.0,0.0,0.0,3,0,0,0,0,3,3,0,0,0,0,0,0,0,0,0,0,0,0,5,0,0,0,0,0,0,0,0,0,0,0,0,0,0,16,1,0
C:\Users\Gabriel\Documents\GitHub\Lab-de-Experimentacao-de-Software-2\work_one\iluwatar\java-design-patterns\hexagonal-architecture\src\main\java\com\iluwatar\hexagonal\administration\ConsoleAdministrationSrv.java,com.iluwatar.hexagonal.administration.ConsoleAdministrationSrv,resetLottery/0,False,36,0,0,0,0,1,0,1,0,0,0,0,0,0,0,0,0,0,0,0,0,0,0,0,0,0,4,0,0,True,interface,0,1,1,0,3,1,0,0,3,0.0,0.0,0.0,3,0,0,0,0,3,3,0,0,0,0,0,0,0,0,0,0,0,0,5,0,0,0,0,0,0,0,0,0,0,0,0,0,0,16,1,0
C:\Users\Gabriel\Documents\GitHub\Lab-de-Experimentacao-de-Software-2\work_one\iluwatar\java-design-patterns\hexagonal-architecture\src\test\java\com\iluwatar\hexagonal\banking\MongoBankTest.java,com.iluwatar.hexagonal.banking.MongoBankTest,tearDown/0,False,67,1,0,0,0,1,1,4,0,0,0,1,0,0,0,0,0,0,0,0,0,0,0,0,0,0,2,8,0,False,class,9,9,0,9,5,1,0,21,0,0.62857145,0.0,0.0,5,2,0,0,0,5,5,0,0,0,7,6,0,7,0,0,2,0,3,38,0,0,0,0,0,13,8,7,1,7,0,0,0,0,38,0,0
C:\Users\Gabriel\Documents\GitHub\Lab-de-Experimentacao-de-Software-2\work_one\iluwatar\java-design-patterns\hexagonal-architecture\src\test\java\com\iluwatar\hexagonal\banking\MongoBankTest.java,com.iluwatar.hexagonal.banking.MongoBankTest,testSetup/0,False,81,1,0,0,0,1,3,3,0,0,0,3,0,0,0,0,0,0,0,1,0,0,0,0,0,0,4,0,0,False,class,9,9,0,9,5,1,0,21,0,0.62857145,0.0,0.0,5,2,0,0,0,5,5,0,0,0,7,6,0,7,0,0,2,0,3,38,0,0,0,0,0,13,8,7,1,7,0,0,0,0,38,0,0
C:\Users\Gabriel\Documents\GitHub\Lab-de-Experimentacao-de-Software-2\work_one\iluwatar\java-design-patterns\hexagonal-architecture\src\test\java\com\iluwatar\hexagonal\banking\MongoBankTest.java,com.iluwatar.hexagonal.banking.MongoBankTest,init/0,False,73,2,1,0,1,1,6,6,0,0,0,6,0,0,0,0,0,0,2,0,1,0,0,0,0,0,4,0,0,False,class,9,9,0,9,5,1,0,21,0,0.62857145,0.0,0.0,5,2,0,0,0,5,5,0,0,0,7,6,0,7,0,0,2,0,3,38,0,0,0,0,0,13,8,7,1,7,0,0,0,0,38,0,0
C:\Users\Gabriel\Documents\GitHub\Lab-de-Experimentacao-de-Software-2\work_one\iluwatar\java-design-patterns\hexagonal-architecture\src\test\java\com\iluwatar\hexagonal\banking\MongoBankTest.java,com.iluwatar.hexagonal.banking.MongoBankTest,testFundTransfers/0,False,86,2,3,0,3,1,4,9,0,0,0,4,0,0,0,0,0,0,8,7,0,0,0,0,0,0,5,0,0,False,class,9,9,0,9,5,1,0,21,0,0.62857145,0.0,0.0,5,2,0,0,0,5,5,0,0,0,7,6,0,7,0,0,2,0,3,38,0,0,0,0,0,13,8,7,1,7,0,0,0,0,38,0,0
C:\Users\Gabriel\Documents\GitHub\Lab-de-Experimentacao-de-Software-2\work_one\iluwatar\java-design-patterns\hexagonal-architecture\src\test\java\com\iluwatar\hexagonal\banking\MongoBankTest.java,com.iluwatar.hexagonal.banking.MongoBankTest,setUp/0,False,58,1,0,0,0,1,8,7,0,0,0,8,0,0,0,0,0,0,1,0,4,1,0,0,0,0,15,8,0,False,class,9,9,0,9,5,1,0,21,0,0.62857145,0.0,0.0,5,2,0,0,0,5,5,0,0,0,7,6,0,7,0,0,2,0,3,38,0,0,0,0,0,13,8,7,1,7,0,0,0,0,38,0,0
C:\Users\Gabriel\Documents\GitHub\Lab-de-Experimentacao-de-Software-2\work_one\iluwatar\java-design-patterns\hexagonal-architecture\src\main\java\com\iluwatar\hexagonal\database\InMemoryTicketRepository.java,com.iluwatar.hexagonal.database.InMemoryTicketRepository,save/1[com.iluwatar.hexagonal.database.LotteryTicket],False,44,2,2,1,1,1,2,5,1,1,1,2,0,0,0,0,0,0,0,0,1,0,0,0,0,0,7,1,0,False,class,3,5,2,3,4,1,0,5,0,0.0,0.0,0.0,4,0,4,0,0,0,4,0,0,0,1,1,0,1,0,0,1,0,2,17,3,0,0,0,0,0,0,2,0,2,0,0,0,0,18,1,0
C:\Users\Gabriel\Documents\GitHub\Lab-de-Experimentacao-de-Software-2\work_one\iluwatar\java-design-patterns\hexagonal-architecture\src\main\java\com\iluwatar\hexagonal\database\InMemoryTicketRepository.java,com.iluwatar.hexagonal.database.InMemoryTicketRepository,deleteAll/0,False,56,0,0,0,0,1,1,3,0,0,0,1,0,0,0,0,0,0,0,0,0,0,0,0,0,0,2,1,0,False,class,3,5,2,3,4,1,0,5,0,0.0,0.0,0.0,4,0,4,0,0,0,4,0,0,0,1,1,0,1,0,0,1,0,2,17,3,0,0,0,0,0,0,2,0,2,0,0,0,0,18,1,0
C:\Users\Gabriel\Documents\GitHub\Lab-de-Experimentacao-de-Software-2\work_one\iluwatar\java-design-patterns\hexagonal-architecture\src\main\java\com\iluwatar\hexagonal\database\InMemoryTicketRepository.java,com.iluwatar.hexagonal.database.InMemoryTicketRepository,findAll/0,False,51,2,1,1,0,1,0,3,1,0,0,0,0,0,0,0,0,0,0,0,0,0,0,0,0,0,3,1,0,False,class,3,5,2,3,4,1,0,5,0,0.0,0.0,0.0,4,0,4,0,0,0,4,0,0,0,1,1,0,1,0,0,1,0,2,17,3,0,0,0,0,0,0,2,0,2,0,0,0,0,18,1,0
C:\Users\Gabriel\Documents\GitHub\Lab-de-Experimentacao-de-Software-2\work_one\iluwatar\java-design-patterns\hexagonal-architecture\src\main\java\com\iluwatar\hexagonal\database\InMemoryTicketRepository.java,com.iluwatar.hexagonal.database.InMemoryTicketRepository,findById/1[com.iluwatar.hexagonal.domain.LotteryTicketId],False,39,2,1,1,0,1,2,3,1,0,1,2,0,0,0,0,0,0,0,0,0,0,0,0,0,0,6,1,0,False,class,3,5,2,3,4,1,0,5,0,0.0,0.0,0.0,4,0,4,0,0,0,4,0,0,0,1,1,0,1,0,0,1,0,2,17,3,0,0,0,0,0,0,2,0,2,0,0,0,0,18,1,0
C:\Users\Gabriel\Documents\GitHub\Lab-de-Experimentacao-de-Software-2\work_one\iluwatar\java-design-patterns\hexagonal-architecture\src\main\java\com\iluwatar\hexagonal\service\LotteryConsoleServiceImpl.java,com.iluwatar.hexagonal.service.LotteryConsoleServiceImpl,"checkTicket/2[com.iluwatar.hexagonal.domain.LotteryService,java.util.Scanner]",False,50,5,5,1,4,4,13,24,0,6,2,13,1,1,0,0,1,0,7,1,6,0,2,0,0,0,33,1,6,False,class,10,12,2,10,10,1,0,18,0,0.0,0.0,0.0,6,0,5,1,0,0,5,0,0,0,1,0,0,1,0,0,1,0,8,67,1,0,0,2,0,21,1,18,0,19,2,0,0,2,66,1,18
C:\Users\Gabriel\Documents\GitHub\Lab-de-Experimentacao-de-Software-2\work_one\iluwatar\java-design-patterns\hexagonal-architecture\src\main\java\com\iluwatar\hexagonal\service\LotteryConsoleServiceImpl.java,com.iluwatar.hexagonal.service.LotteryConsoleServiceImpl,"queryLotteryAccountFunds/2[com.iluwatar.hexagonal.banking.WireTransfers,java.util.Scanner]",False,115,2,3,1,2,1,3,5,0,1,2,3,1,1,0,0,0,0,2,0,1,0,0,0,0,0,14,1,2,False,class,10,12,2,10,10,1,0,18,0,0.0,0.0,0.0,6,0,5,1,0,0,5,0,0,0,1,0,0,1,0,0,1,0,8,67,1,0,0,2,0,21,1,18,0,19,2,0,0,2,66,1,18
C:\Users\Gabriel\Documents\GitHub\Lab-de-Experimentacao-de-Software-2\work_one\iluwatar\java-design-patterns\hexagonal-architecture\src\main\java\com\iluwatar\hexagonal\service\LotteryConsoleServiceImpl.java,com.iluwatar.hexagonal.service.LotteryConsoleServiceImpl,LotteryConsoleServiceImpl/1[com.iluwatar.hexagonal.service.Logger],True,45,1,1,1,0,1,0,3,0,0,1,0,0,0,0,0,0,0,0,0,1,0,0,0,0,0,6,1,0,True,class,10,12,2,10,10,1,0,18,0,0.0,0.0,0.0,6,0,5,1,0,0,5,0,0,0,1,0,0,1,0,0,1,0,8,67,1,0,0,2,0,21,1,18,0,19,2,0,0,2,66,1,18
C:\Users\Gabriel\Documents\GitHub\Lab-de-Experimentacao-de-Software-2\work_one\iluwatar\java-design-patterns\hexagonal-architecture\src\main\java\com\iluwatar\hexagonal\service\LotteryConsoleServiceImpl.java,com.iluwatar.hexagonal.service.LotteryConsoleServiceImpl,"addFundsToLotteryAccount/2[com.iluwatar.hexagonal.banking.WireTransfers,java.util.Scanner]",False,105,2,4,1,3,1,5,8,0,2,2,5,1,1,0,0,0,0,3,0,2,0,0,0,0,0,22,1,3,False,class,10,12,2,10,10,1,0,18,0,0.0,0.0,0.0,6,0,5,1,0,0,5,0,0,0,1,0,0,1,0,0,1,0,8,67,1,0,0,2,0,21,1,18,0,19,2,0,0,2,66,1,18
C:\Users\Gabriel\Documents\GitHub\Lab-de-Experimentacao-de-Software-2\work_one\iluwatar\java-design-patterns\hexagonal-architecture\src\main\java\com\iluwatar\hexagonal\service\LotteryConsoleServiceImpl.java,com.iluwatar.hexagonal.service.LotteryConsoleServiceImpl,readString/1[java.util.Scanner],False,121,0,4,4,0,1,2,4,1,0,1,2,0,0,0,0,0,0,1,0,0,0,0,0,0,0,4,2,1,False,class,10,12,2,10,10,1,0,18,0,0.0,0.0,0.0,6,0,5,1,0,0,5,0,0,0,1,0,0,1,0,0,1,0,8,67,1,0,0,2,0,21,1,18,0,19,2,0,0,2,66,1,18
C:\Users\Gabriel\Documents\GitHub\Lab-de-Experimentacao-de-Software-2\work_one\iluwatar\java-design-patterns\hexagonal-architecture\src\main\java\com\iluwatar\hexagonal\service\LotteryConsoleServiceImpl.java,com.iluwatar.hexagonal.service.LotteryConsoleServiceImpl,"submitTicket/2[com.iluwatar.hexagonal.domain.LotteryService,java.util.Scanner]",False,79,6,5,1,4,2,10,20,0,9,2,10,1,1,0,0,1,0,8,0,8,0,1,0,0,2,31,1,6,False,class,10,12,2,10,10,1,0,18,0,0.0,0.0,0.0,6,0,5,1,0,0,5,0,0,0,1,0,0,1,0,0,1,0,8,67,1,0,0,2,0,21,1,18,0,19,2,0,0,2,66,1,18
C:\Users\Gabriel\Documents\GitHub\Lab-de-Experimentacao-de-Software-2\work_one\iluwatar\java-design-patterns\hexagonal-architecture\src\test\java\com\iluwatar\hexagonal\AppTest.java,com.iluwatar.hexagonal.AppTest,shouldExecuteApplicationWithoutException/0,False,35,2,0,0,0,1,2,3,0,0,0,2,0,0,0,0,0,0,0,0,0,0,0,0,0,1,9,0,0,False,class,2,2,0,2,1,1,0,2,0,0.0,,,1,0,0,0,0,1,1,0,0,0,0,0,0,0,0,0,0,0,0,5,0,0,0,0,0,0,0,0,0,0,0,0,0,1,14,0,0
C:\Users\Gabriel\Documents\GitHub\Lab-de-Experimentacao-de-Software-2\work_one\iluwatar\java-design-patterns\hexagonal-architecture\src\test\java\com\iluwatar\hexagonal\domain\LotteryTest.java,com.iluwatar.hexagonal.domain.LotteryTest,LotteryTest/0,True,50,1,1,0,1,1,1,3,0,0,0,1,0,0,0,0,0,0,0,0,1,0,0,0,0,0,4,0,0,False,class,12,12,0,12,5,1,0,20,1,0.5833333,0.0,0.0,3,0,0,0,0,3,3,0,0,0,4,0,0,4,0,0,1,0,7,42,0,1,0,0,0,13,19,9,0,12,2,0,0,0,35,0,0
C:\Users\Gabriel\Documents\GitHub\Lab-de-Experimentacao-de-Software-2\work_one\iluwatar\java-design-patterns\hexagonal-architecture\src\test\java\com\iluwatar\hexagonal\domain\LotteryTest.java,com.iluwatar.hexagonal.domain.LotteryTest,setup/0,False,55,2,1,0,1,1,2,4,0,0,0,2,0,0,0,0,0,0,1,1,0,0,0,0,0,0,1,0,0,False,class,12,12,0,12,5,1,0,20,1,0.5833333,0.0,0.0,3,0,0,0,0,3,3,0,0,0,4,0,0,4,0,0,1,0,7,42,0,1,0,0,0,13,19,9,0,12,2,0,0,0,35,0,0
C:\Users\Gabriel\Documents\GitHub\Lab-de-Experimentacao-de-Software-2\work_one\iluwatar\java-design-patterns\hexagonal-architecture\src\test\java\com\iluwatar\hexagonal\domain\LotteryTest.java,com.iluwatar.hexagonal.domain.LotteryTest,testLottery/0,False,62,7,8,0,8,3,17,29,0,8,0,17,0,0,1,0,0,0,12,18,8,0,2,0,0,0,19,0,0,False,class,12,12,0,12,5,1,0,20,1,0.5833333,0.0,0.0,3,0,0,0,0,3,3,0,0,0,4,0,0,4,0,0,1,0,7,42,0,1,0,0,0,13,19,9,0,12,2,0,0,0,35,0,0
C:\Users\Gabriel\Documents\GitHub\Lab-de-Experimentacao-de-Software-2\work_one\iluwatar\java-design-patterns\hexagonal-architecture\src\test\java\com\iluwatar\hexagonal\domain\PlayerDetailsTest.java,com.iluwatar.hexagonal.domain.PlayerDetailsTest,testEquals/0,False,36,2,0,0,0,1,2,7,0,3,0,2,0,0,0,0,0,0,9,0,3,0,0,0,0,0,10,0,0,False,class,2,2,0,2,1,1,0,2,0,0.0,,,1,0,0,0,0,1,1,0,0,0,0,0,0,0,0,0,0,0,0,9,0,0,0,0,0,9,0,3,0,3,0,0,0,0,13,0,0
C:\Users\Gabriel\Documents\GitHub\Lab-de-Experimentacao-de-Software-2\work_one\iluwatar\java-design-patterns\hexagonal-architecture\src\test\java\com\iluwatar\hexagonal\domain\LotteryTicketTest.java,com.iluwatar.hexagonal.domain.LotteryTicketTest,testEquals/0,False,37,5,2,0,2,1,4,13,0,9,0,4,0,0,0,0,0,0,9,12,9,0,0,0,0,0,19,0,0,False,class,5,5,0,5,1,1,0,4,0,0.0,,,1,0,0,0,0,1,1,0,0,0,0,0,0,0,0,0,0,0,6,15,0,0,0,0,0,9,12,9,0,9,0,0,0,0,22,0,0
C:\Users\Gabriel\Documents\GitHub\Lab-de-Experimentacao-de-Software-2\work_one\iluwatar\java-design-patterns\hexagonal-architecture\src\test\java\com\iluwatar\hexagonal\test\LotteryTestUtils.java,com.iluwatar.hexagonal.test.LotteryTestUtils,"createLotteryTicket/4[java.lang.String,java.lang.String,java.lang.String,java.util.Set<java.lang.Integer>]",False,47,4,4,2,2,1,1,5,1,2,4,1,0,0,0,0,0,0,0,0,2,0,0,0,0,0,13,9,0,True,class,5,8,3,5,2,1,0,3,1,0.0,0.0,0.0,2,2,2,0,0,0,2,0,0,0,0,0,0,0,0,0,0,0,3,10,2,0,0,0,0,3,4,2,0,2,0,0,0,0,17,1,0
C:\Users\Gabriel\Documents\GitHub\Lab-de-Experimentacao-de-Software-2\work_one\iluwatar\java-design-patterns\hexagonal-architecture\src\test\java\com\iluwatar\hexagonal\test\LotteryTestUtils.java,com.iluwatar.hexagonal.test.LotteryTestUtils,createLotteryTicket/0,False,39,2,2,1,1,1,2,3,1,0,0,2,1,1,0,0,0,0,3,4,0,0,0,0,0,0,5,9,0,True,class,5,8,3,5,2,1,0,3,1,0.0,0.0,0.0,2,2,2,0,0,0,2,0,0,0,0,0,0,0,0,0,0,0,3,10,2,0,0,0,0,3,4,2,0,2,0,0,0,0,17,1,0
C:\Users\Gabriel\Documents\GitHub\Lab-de-Experimentacao-de-Software-2\work_one\iluwatar\java-design-patterns\hexagonal-architecture\src\test\java\com\iluwatar\hexagonal\banking\InMemoryBankTest.java,com.iluwatar.hexagonal.banking.InMemoryBankTest,testInit/0,False,38,2,3,0,3,1,5,10,0,0,0,5,0,0,0,0,0,0,9,8,0,0,0,0,0,0,5,0,0,False,class,3,3,0,3,1,1,0,5,0,0.0,,,1,0,0,0,0,1,1,0,0,0,1,0,0,1,0,0,1,0,0,13,0,0,0,0,0,9,8,1,0,1,0,0,0,0,14,0,0
C:\Users\Gabriel\Documents\GitHub\Lab-de-Experimentacao-de-Software-2\work_one\iluwatar\java-design-patterns\hexagonal-architecture\src\test\java\com\iluwatar\hexagonal\domain\LotteryNumbersTest.java,com.iluwatar.hexagonal.domain.LotteryNumbersTest,testNumbersCantBeModified/0,False,49,2,1,0,1,1,5,4,0,1,0,5,0,0,0,0,0,0,0,5,1,0,0,0,0,1,9,0,0,False,class,2,2,0,2,4,1,0,12,6,0.0,0.0,0.0,4,0,0,0,0,4,4,0,0,0,0,0,0,0,0,0,0,0,11,25,0,0,0,0,0,0,26,6,0,6,0,0,0,1,21,0,0
C:\Users\Gabriel\Documents\GitHub\Lab-de-Experimentacao-de-Software-2\work_one\iluwatar\java-design-patterns\hexagonal-architecture\src\test\java\com\iluwatar\hexagonal\domain\LotteryNumbersTest.java,com.iluwatar.hexagonal.domain.LotteryNumbersTest,testGivenNumbers/0,False,39,2,2,0,2,1,7,8,0,1,0,7,0,0,0,0,0,0,0,9,1,0,0,0,0,0,8,0,0,False,class,2,2,0,2,4,1,0,12,6,0.0,0.0,0.0,4,0,0,0,0,4,4,0,0,0,0,0,0,0,0,0,0,0,11,25,0,0,0,0,0,0,26,6,0,6,0,0,0,1,21,0,0
C:\Users\Gabriel\Documents\GitHub\Lab-de-Experimentacao-de-Software-2\work_one\iluwatar\java-design-patterns\hexagonal-architecture\src\test\java\com\iluwatar\hexagonal\domain\LotteryNumbersTest.java,com.iluwatar.hexagonal.domain.LotteryNumbersTest,testEquals/0,False,61,2,1,0,1,1,4,7,0,3,0,4,0,0,0,0,0,0,0,12,3,0,0,0,0,0,8,0,0,False,class,2,2,0,2,4,1,0,12,6,0.0,0.0,0.0,4,0,0,0,0,4,4,0,0,0,0,0,0,0,0,0,0,0,11,25,0,0,0,0,0,0,26,6,0,6,0,0,0,1,21,0,0
C:\Users\Gabriel\Documents\GitHub\Lab-de-Experimentacao-de-Software-2\work_one\iluwatar\java-design-patterns\hexagonal-architecture\src\test\java\com\iluwatar\hexagonal\domain\LotteryNumbersTest.java,com.iluwatar.hexagonal.domain.LotteryNumbersTest,testRandomNumbers/0,False,55,2,2,0,2,1,4,4,0,1,0,4,0,0,0,0,0,0,0,0,1,0,0,0,0,0,7,0,0,False,class,2,2,0,2,4,1,0,12,6,0.0,0.0,0.0,4,0,0,0,0,4,4,0,0,0,0,0,0,0,0,0,0,0,11,25,0,0,0,0,0,0,26,6,0,6,0,0,0,1,21,0,0
C:\Users\Gabriel\Documents\GitHub\Lab-de-Experimentacao-de-Software-2\work_one\iluwatar\java-design-patterns\hexagonal-architecture\src\main\java\com\iluwatar\hexagonal\domain\LotteryConstants.java,com.iluwatar.hexagonal.domain.LotteryConstants,LotteryConstants/0,True,30,0,0,0,0,1,0,2,0,0,0,0,0,0,0,0,0,0,0,0,0,0,0,0,0,0,2,2,0,False,class,0,0,0,0,1,1,0,0,0,0.0,-1.0,-1.0,1,0,0,1,0,0,0,0,0,0,5,5,5,0,0,0,5,0,0,9,0,0,0,0,0,1,4,5,0,5,0,0,0,0,23,1,0
C:\Users\Gabriel\Documents\GitHub\Lab-de-Experimentacao-de-Software-2\work_one\iluwatar\java-design-patterns\hexagonal-architecture\src\main\java\com\iluwatar\hexagonal\administration\ConsoleAdministrationSrvImpl.java,com.iluwatar.hexagonal.administration.ConsoleAdministrationSrvImpl,performLottery/0,False,49,2,3,1,2,1,3,5,0,1,0,3,0,0,0,0,0,0,2,0,1,0,0,0,0,0,10,1,2,False,class,4,5,1,4,4,1,0,6,0,0.0,0.0,0.0,4,0,4,0,0,0,4,0,0,0,2,0,0,2,0,0,2,0,0,20,0,0,0,0,0,4,0,3,0,5,0,0,0,1,25,1,4
C:\Users\Gabriel\Documents\GitHub\Lab-de-Experimentacao-de-Software-2\work_one\iluwatar\java-design-patterns\hexagonal-architecture\src\main\java\com\iluwatar\hexagonal\administration\ConsoleAdministrationSrvImpl.java,com.iluwatar.hexagonal.administration.ConsoleAdministrationSrvImpl,getAllSubmittedTickets/0,False,42,1,2,1,1,1,3,3,0,2,0,3,0,0,0,0,0,0,1,0,0,0,0,0,0,1,4,1,1,False,class,4,5,1,4,4,1,0,6,0,0.0,0.0,0.0,4,0,4,0,0,0,4,0,0,0,2,0,0,2,0,0,2,0,0,20,0,0,0,0,0,4,0,3,0,5,0,0,0,1,25,1,4
C:\Users\Gabriel\Documents\GitHub\Lab-de-Experimentacao-de-Software-2\work_one\iluwatar\java-design-patterns\hexagonal-architecture\src\main\java\com\iluwatar\hexagonal\administration\ConsoleAdministrationSrvImpl.java,com.iluwatar.hexagonal.administration.ConsoleAdministrationSrvImpl,resetLottery/0,False,56,1,2,1,1,1,2,4,0,0,0,2,0,0,0,0,0,0,1,0,0,0,0,0,0,0,6,1,1,False,class,4,5,1,4,4,1,0,6,0,0.0,0.0,0.0,4,0,4,0,0,0,4,0,0,0,2,0,0,2,0,0,2,0,0,20,0,0,0,0,0,4,0,3,0,5,0,0,0,1,25,1,4
C:\Users\Gabriel\Documents\GitHub\Lab-de-Experimentacao-de-Software-2\work_one\iluwatar\java-design-patterns\hexagonal-architecture\src\main\java\com\iluwatar\hexagonal\administration\ConsoleAdministrationSrvImpl.java,com.iluwatar.hexagonal.administration.ConsoleAdministrationSrvImpl,"ConsoleAdministrationSrvImpl/2[com.iluwatar.hexagonal.domain.LotteryAdministration,com.iluwatar.hexagonal.administration.Logger]",True,36,2,1,1,0,1,0,4,0,0,2,0,0,0,0,0,0,0,0,0,2,0,0,0,0,0,7,1,0,True,class,4,5,1,4,4,1,0,6,0,0.0,0.0,0.0,4,0,4,0,0,0,4,0,0,0,2,0,0,2,0,0,2,0,0,20,0,0,0,0,0,4,0,3,0,5,0,0,0,1,25,1,4
C:\Users\Gabriel\Documents\GitHub\Lab-de-Experimentacao-de-Software-2\work_one\iluwatar\java-design-patterns\hexagonal-architecture\src\test\java\com\iluwatar\hexagonal\eventlog\MongoEventLogTest.java,com.iluwatar.hexagonal.eventlog.MongoEventLogTest,testFundTransfers/0,False,62,3,5,0,5,1,8,23,0,1,0,8,0,0,0,0,0,0,3,14,1,0,0,0,0,0,9,0,0,False,class,7,7,0,7,3,1,0,13,0,0.44444445,0.0,0.0,3,0,0,0,0,3,3,0,0,0,3,2,0,3,0,0,2,0,4,38,0,0,0,0,0,7,15,5,0,5,0,0,0,0,32,0,0
C:\Users\Gabriel\Documents\GitHub\Lab-de-Experimentacao-de-Software-2\work_one\iluwatar\java-design-patterns\hexagonal-architecture\src\test\java\com\iluwatar\hexagonal\eventlog\MongoEventLogTest.java,com.iluwatar.hexagonal.eventlog.MongoEventLogTest,testSetup/0,False,57,1,0,0,0,1,3,3,0,0,0,3,0,0,0,0,0,0,0,1,0,0,0,0,0,0,4,0,0,False,class,7,7,0,7,3,1,0,13,0,0.44444445,0.0,0.0,3,0,0,0,0,3,3,0,0,0,3,2,0,3,0,0,2,0,4,38,0,0,0,0,0,7,15,5,0,5,0,0,0,0,32,0,0
C:\Users\Gabriel\Documents\GitHub\Lab-de-Experimentacao-de-Software-2\work_one\iluwatar\java-design-patterns\hexagonal-architecture\src\test\java\com\iluwatar\hexagonal\eventlog\MongoEventLogTest.java,com.iluwatar.hexagonal.eventlog.MongoEventLogTest,init/0,False,46,4,2,0,2,1,5,7,0,1,0,5,0,0,0,0,0,0,2,0,2,0,0,0,0,0,13,0,0,False,class,7,7,0,7,3,1,0,13,0,0.44444445,0.0,0.0,3,0,0,0,0,3,3,0,0,0,3,2,0,3,0,0,2,0,4,38,0,0,0,0,0,7,15,5,0,5,0,0,0,0,32,0,0
